Transaction_ID,Transaction_Amount,Transaction_Hour,Transaction_Frequency,Customer_Age,Account_Balance,Transaction_Type,City,Fraud
BNK200001,8060.59,11,18,48,81832.54,ATM,Bengaluru,0
BNK200002,15588.95,12,23,40,93355.89,Transfer,Chennai,0
BNK200003,18830.17,7,21,30,93866.98,POS,Bengaluru,0
BNK200004,17251.42,15,11,34,91458.57,ATM,Bengaluru,0
BNK200005,11329.24,17,4,21,54868.89,Transfer,Chennai,0
BNK200006,8264.83,0,25,74,35943.03,ATM,Coimbatore,0
BNK200007,6725.84,0,32,31,1223.64,Transfer,Coimbatore,1
BNK200008,2586.64,11,30,37,6560.77,Transfer,Chennai,0
BNK200009,2220.37,5,26,30,43169.48,Transfer,Mumbai,0
BNK200010,13798.32,8,34,20,40232.95,ATM,Bengaluru,1
BNK200011,5269.91,22,9,43,18879.03,Transfer,Delhi,0
BNK200012,5167.77,4,12,43,39850.26,POS,Coimbatore,0
BNK200013,19964.08,15,2,35,17877.68,Bill Payment,Delhi,1
BNK200014,3839.73,17,5,49,84954.73,Bill Payment,Chennai,0
BNK200015,3046.39,16,5,31,30170.39,Transfer,Delhi,0
BNK200016,2063.84,17,22,64,60057.15,Bill Payment,Delhi,0
BNK200017,11638.13,0,5,20,50532.88,Bill Payment,Bengaluru,0
BNK200018,12594.49,18,4,18,5662.27,Transfer,Chennai,1
BNK200019,7368.04,21,9,43,94252.26,Transfer,Delhi,0
BNK200020,10754.73,7,29,41,52958.98,POS,Coimbatore,0
BNK200021,15789.15,2,22,66,32843.24,Online,Chennai,1
BNK200022,16380.27,4,27,52,16233.59,ATM,Coimbatore,1
BNK200023,19162.45,22,10,31,34183.4,Transfer,Mumbai,0
BNK200024,16502.93,7,16,20,2540.9,Transfer,Delhi,1
BNK200025,11340.34,18,10,30,36674.04,Bill Payment,Chennai,0
BNK200026,3675.17,17,6,64,53382.85,POS,Coimbatore,0
BNK200027,2085.29,17,5,67,87250.69,Bill Payment,Delhi,0
BNK200028,1184.79,20,6,31,68893.75,Transfer,Bengaluru,0
BNK200029,13363.86,0,25,38,11602.44,Transfer,Coimbatore,1
BNK200030,16169.97,14,4,43,15200.76,Bill Payment,Coimbatore,1
BNK200031,10222.81,17,32,20,43098.28,Transfer,Mumbai,0
BNK200032,1188.81,6,10,68,19972.92,Online,Bengaluru,0
BNK200033,10755.86,15,34,57,3271.05,ATM,Mumbai,1
BNK200034,18721.41,15,6,21,80598.98,ATM,Bengaluru,0
BNK200035,11992.5,14,16,53,2442.5,ATM,Coimbatore,0
BNK200036,16207.61,5,19,68,83153.62,Online,Mumbai,0
BNK200037,16023.04,8,34,60,14838.34,Transfer,Delhi,1
BNK200038,18649.37,6,25,18,97480.5,Bill Payment,Bengaluru,0
BNK200039,15427.55,13,31,57,60585.45,POS,Coimbatore,1
BNK200040,14979.24,10,17,64,73630.81,Transfer,Chennai,0
BNK200041,4758.64,20,30,50,11493.12,Online,Bengaluru,0
BNK200042,1292.51,15,31,24,86279.36,Online,Bengaluru,0
BNK200043,10400.23,5,19,70,83999.64,ATM,Delhi,0
BNK200044,2576.24,21,29,69,65472.78,Transfer,Bengaluru,0
BNK200045,19247.7,15,1,69,50476.35,ATM,Bengaluru,0
BNK200046,5869.5,19,4,73,72288.17,POS,Delhi,0
BNK200047,17073.59,15,28,28,1089.86,ATM,Delhi,1
BNK200048,7813.73,11,18,44,59447.86,POS,Mumbai,0
BNK200049,6531.57,16,26,31,84816.91,Online,Coimbatore,0
BNK200050,18709.66,4,19,39,36011.54,ATM,Coimbatore,1
BNK200051,7330.12,12,6,33,11274.79,ATM,Mumbai,0
BNK200052,7866.73,7,1,63,42377.29,Bill Payment,Coimbatore,0
BNK200053,2211.23,23,8,29,72846.89,Online,Bengaluru,0
BNK200054,13441.89,4,33,66,11176.47,Bill Payment,Mumbai,1
BNK200055,5847.9,11,21,63,21001.83,POS,Mumbai,0
BNK200056,11753.52,8,24,27,15181.41,POS,Coimbatore,0
BNK200057,11867.9,2,25,41,79796.3,Online,Chennai,0
BNK200058,14412.07,2,19,63,6757.82,POS,Coimbatore,1
BNK200059,14930.31,0,29,35,68815.36,Online,Chennai,1
BNK200060,10337.6,21,10,39,36962.46,POS,Mumbai,0
BNK200061,6686.74,17,12,26,75701.23,Transfer,Chennai,0
BNK200062,16765.27,23,33,34,96456.15,ATM,Bengaluru,1
BNK200063,6266.33,11,7,55,11897.26,Transfer,Delhi,0
BNK200064,10199.43,8,17,57,31781.31,Online,Chennai,0
BNK200065,8084.93,8,10,30,81107.48,Online,Delhi,0
BNK200066,17116.06,17,31,67,26982.76,Transfer,Bengaluru,1
BNK200067,8695.18,17,6,54,21904.5,ATM,Delhi,0
BNK200068,7783.37,6,17,23,82625.11,ATM,Bengaluru,0
BNK200069,13827.49,3,18,38,98714.7,Bill Payment,Delhi,1
BNK200070,12088.58,12,26,68,55909.62,POS,Delhi,1
BNK200071,2234.21,16,16,53,28165.85,Bill Payment,Coimbatore,0
BNK200072,10212.56,23,8,24,40157.31,ATM,Chennai,0
BNK200073,14736.02,1,24,53,17427.97,Transfer,Delhi,1
BNK200074,19842.29,13,13,42,76307.78,POS,Mumbai,0
BNK200075,12620.02,2,29,28,77460.66,Transfer,Coimbatore,1
BNK200076,7468.83,4,32,61,87574.54,Bill Payment,Chennai,1
BNK200077,4600.42,13,24,31,3146.96,Online,Coimbatore,0
BNK200078,17469.32,2,16,62,56417.14,Transfer,Chennai,1
BNK200079,16309.85,22,11,46,21818.42,Bill Payment,Bengaluru,0
BNK200080,4755.06,6,32,27,34417.86,Bill Payment,Delhi,0
BNK200081,4092.58,17,6,67,78603.08,Bill Payment,Mumbai,0
BNK200082,14331.22,12,33,65,19607.35,Online,Coimbatore,1
BNK200083,6367.55,22,18,22,64015.0,Online,Coimbatore,0
BNK200084,6197.34,21,13,25,65629.34,Online,Coimbatore,0
BNK200085,3130.58,9,10,63,95432.34,POS,Coimbatore,0
BNK200086,5353.11,12,26,22,77628.51,Online,Delhi,0
BNK200087,8607.4,15,17,41,80461.7,Online,Chennai,0
BNK200088,14683.48,8,1,57,53394.27,Online,Delhi,0
BNK200089,6792.53,1,25,74,19084.69,Transfer,Bengaluru,0
BNK200090,6639.23,22,34,43,42843.55,Online,Delhi,0
BNK200091,5769.77,4,10,23,55174.21,POS,Delhi,0
BNK200092,9617.84,21,20,33,68002.72,Bill Payment,Bengaluru,0
BNK200093,3694.67,16,7,53,60967.06,Transfer,Delhi,0
BNK200094,9764.05,22,16,29,39700.79,ATM,Chennai,0
BNK200095,14113.09,21,29,28,26898.65,Online,Mumbai,1
BNK200096,692.83,3,12,20,17238.97,Bill Payment,Bengaluru,0
BNK200097,294.61,16,17,61,69537.62,Bill Payment,Coimbatore,0
BNK200098,1594.95,8,20,54,64717.17,Transfer,Chennai,0
BNK200099,10759.64,19,26,23,68893.56,ATM,Mumbai,0
BNK200100,17103.66,1,19,36,37566.48,POS,Chennai,1
BNK200101,197.2,23,12,35,26609.58,Bill Payment,Chennai,0
BNK200102,18739.56,17,21,33,76092.27,Bill Payment,Coimbatore,0
BNK200103,2214.94,20,34,40,77477.92,Bill Payment,Mumbai,0
BNK200104,16855.47,21,7,60,45833.83,Bill Payment,Chennai,0
BNK200105,9708.81,10,15,54,61384.46,Transfer,Coimbatore,0
BNK200106,13221.21,12,1,26,37665.21,ATM,Bengaluru,0
BNK200107,10262.59,7,26,20,70343.75,Bill Payment,Coimbatore,0
BNK200108,9593.26,0,25,25,83654.3,POS,Delhi,0
BNK200109,16714.5,16,15,55,68979.21,POS,Coimbatore,0
BNK200110,15142.14,11,22,21,51501.97,Online,Coimbatore,0
BNK200111,9719.7,3,6,29,46136.47,Bill Payment,Coimbatore,0
BNK200112,2321.55,20,15,61,64410.81,Bill Payment,Chennai,0
BNK200113,2396.52,12,24,48,68141.18,Bill Payment,Mumbai,0
BNK200114,16050.64,8,21,42,56093.58,Bill Payment,Coimbatore,0
BNK200115,10634.87,6,7,70,62681.76,Bill Payment,Coimbatore,0
BNK200116,9683.62,22,29,33,10110.57,POS,Delhi,1
BNK200117,13643.28,23,32,59,95200.67,ATM,Delhi,1
BNK200118,17190.95,4,32,71,79181.92,ATM,Bengaluru,1
BNK200119,12614.58,4,5,31,37705.82,Online,Bengaluru,1
BNK200120,15280.67,16,4,30,56499.85,POS,Delhi,0
BNK200121,15328.88,8,22,58,5208.79,Bill Payment,Mumbai,1
BNK200122,7189.6,5,18,24,4602.17,ATM,Bengaluru,0
BNK200123,5554.26,18,17,29,25454.43,Transfer,Mumbai,0
BNK200124,16043.16,15,24,54,69125.31,Transfer,Delhi,0
BNK200125,7605.86,20,2,67,85288.7,Transfer,Bengaluru,0
BNK200126,18076.39,1,13,21,56139.0,Bill Payment,Coimbatore,1
BNK200127,1486.84,9,15,19,53447.21,Bill Payment,Delhi,0
BNK200128,1258.53,15,5,52,40529.8,Online,Bengaluru,0
BNK200129,18547.38,4,3,61,16579.0,Online,Mumbai,1
BNK200130,13004.25,14,3,20,12276.23,Online,Mumbai,1
BNK200131,7654.03,12,23,21,76187.64,Transfer,Bengaluru,0
BNK200132,15125.7,12,28,55,92786.6,Bill Payment,Mumbai,1
BNK200133,13479.3,12,30,29,46099.18,Transfer,Bengaluru,1
BNK200134,10670.9,14,18,36,66114.84,Online,Bengaluru,0
BNK200135,2067.58,13,33,27,91488.54,Bill Payment,Mumbai,0
BNK200136,16262.37,7,26,18,9466.31,POS,Chennai,1
BNK200137,17333.86,10,17,34,77162.9,ATM,Coimbatore,0
BNK200138,3526.16,17,7,33,61873.28,ATM,Delhi,0
BNK200139,17025.18,23,8,26,60064.4,Online,Coimbatore,1
BNK200140,17569.16,3,31,74,29607.77,Transfer,Delhi,1
BNK200141,11033.63,9,12,70,68547.39,POS,Delhi,0
BNK200142,13157.96,0,31,26,79582.38,Bill Payment,Coimbatore,1
BNK200143,7706.52,4,19,72,11729.39,Transfer,Bengaluru,0
BNK200144,5707.65,12,10,26,53585.38,Online,Mumbai,0
BNK200145,14467.46,0,12,29,10575.89,Transfer,Chennai,1
BNK200146,17251.32,22,20,72,87321.11,Online,Chennai,0
BNK200147,13116.14,7,7,58,51009.85,ATM,Chennai,0
BNK200148,10280.65,2,14,32,80892.59,ATM,Coimbatore,0
BNK200149,3262.6,2,11,19,37124.52,Transfer,Coimbatore,0
BNK200150,1163.83,6,7,28,12945.28,POS,Bengaluru,0
BNK200151,8969.27,3,29,28,4629.18,Bill Payment,Chennai,1
BNK200152,1082.06,2,10,25,28510.21,Online,Bengaluru,0
BNK200153,11429.76,14,29,72,24801.25,Bill Payment,Chennai,0
BNK200154,7716.31,7,9,49,56255.02,ATM,Coimbatore,0
BNK200155,15168.06,2,10,23,2663.01,POS,Mumbai,1
BNK200156,6182.41,6,19,70,52296.77,POS,Mumbai,0
BNK200157,11900.36,17,31,37,39481.29,Bill Payment,Mumbai,0
BNK200158,10799.9,10,17,56,57923.67,ATM,Mumbai,0
BNK200159,193.78,10,9,52,70390.54,Bill Payment,Delhi,0
BNK200160,1540.55,16,33,25,63592.15,Transfer,Chennai,0
BNK200161,5878.33,5,34,67,98472.11,POS,Mumbai,0
BNK200162,17656.48,7,24,66,14257.4,POS,Delhi,1
BNK200163,3025.6,0,9,60,43258.83,Transfer,Delhi,0
BNK200164,14246.8,9,7,51,42770.66,ATM,Delhi,0
BNK200165,19469.99,18,16,74,41996.79,POS,Bengaluru,0
BNK200166,15832.29,2,19,70,66547.94,Online,Bengaluru,1
BNK200167,4934.61,3,6,73,49237.89,Online,Delhi,0
BNK200168,18176.47,10,11,36,51984.54,ATM,Mumbai,0
BNK200169,1952.83,14,12,24,43519.42,Transfer,Chennai,0
BNK200170,9416.02,0,13,48,99174.1,Bill Payment,Coimbatore,0
BNK200171,17762.08,8,12,35,92792.35,ATM,Bengaluru,0
BNK200172,12861.19,10,21,57,31118.56,Bill Payment,Mumbai,0
BNK200173,8331.53,18,10,31,11603.6,ATM,Mumbai,0
BNK200174,5926.98,12,20,56,84056.59,Online,Coimbatore,0
BNK200175,7564.48,15,28,70,99718.44,Transfer,Coimbatore,0
BNK200176,10227.94,3,24,53,29614.58,Online,Mumbai,0
BNK200177,6448.97,0,5,34,36099.6,Transfer,Coimbatore,0
BNK200178,19382.46,19,12,54,94192.5,Bill Payment,Mumbai,0
BNK200179,18668.25,12,2,61,71257.39,ATM,Coimbatore,0
BNK200180,17426.36,0,9,26,29916.01,POS,Coimbatore,1
BNK200181,8494.41,4,22,37,58314.13,POS,Mumbai,0
BNK200182,13856.91,4,5,62,94450.84,Transfer,Delhi,1
BNK200183,18066.3,13,12,74,81275.4,Transfer,Mumbai,0
BNK200184,17023.55,22,1,45,74312.36,Online,Chennai,0
BNK200185,8345.11,13,22,67,73831.13,POS,Coimbatore,0
BNK200186,2336.48,7,19,37,18213.02,Online,Bengaluru,0
BNK200187,1605.04,3,16,58,82555.78,Bill Payment,Coimbatore,0
BNK200188,11583.57,6,31,53,27973.8,POS,Chennai,0
BNK200189,12888.3,19,3,70,93071.48,Bill Payment,Bengaluru,0
BNK200190,17011.87,18,23,44,36781.68,ATM,Bengaluru,0
BNK200191,5921.05,14,18,25,85837.21,Online,Mumbai,0
BNK200192,3432.66,21,26,49,26990.23,Transfer,Delhi,0
BNK200193,7642.22,3,13,18,51695.43,POS,Mumbai,0
BNK200194,7136.14,18,18,34,11135.09,Online,Bengaluru,0
BNK200195,2736.13,8,3,74,66181.83,Transfer,Bengaluru,0
BNK200196,13478.42,20,23,26,83689.89,ATM,Delhi,0
BNK200197,10222.97,12,3,37,71985.5,POS,Coimbatore,0
BNK200198,14450.34,13,25,62,52564.22,Bill Payment,Delhi,0
BNK200199,7118.55,22,27,49,4989.03,ATM,Mumbai,1
BNK200200,6581.47,13,27,19,93377.38,Transfer,Coimbatore,0
BNK200201,9504.26,21,25,49,70696.21,POS,Mumbai,0
BNK200202,17560.41,9,24,62,74713.49,POS,Delhi,0
BNK200203,901.6,15,8,26,79570.72,ATM,Coimbatore,0
BNK200204,16116.17,4,9,47,74900.47,POS,Delhi,1
BNK200205,7442.85,22,30,37,44391.06,Transfer,Chennai,0
BNK200206,17106.92,5,19,55,73495.37,ATM,Bengaluru,0
BNK200207,16063.84,1,16,18,62690.17,Bill Payment,Coimbatore,1
BNK200208,7040.35,12,24,74,85474.63,ATM,Bengaluru,0
BNK200209,13908.14,12,21,22,80344.75,ATM,Chennai,0
BNK200210,3276.69,18,6,52,4616.75,Bill Payment,Coimbatore,0
BNK200211,17936.0,17,5,53,38199.27,Transfer,Bengaluru,0
BNK200212,8149.37,18,14,18,3954.26,Online,Bengaluru,0
BNK200213,9166.95,0,4,31,10656.46,Online,Coimbatore,1
BNK200214,14144.61,7,8,26,60340.37,Bill Payment,Bengaluru,0
BNK200215,16434.72,21,24,47,87445.27,Transfer,Bengaluru,0
BNK200216,4803.22,15,11,41,12422.56,POS,Coimbatore,0
BNK200217,13260.87,1,17,21,45383.38,Bill Payment,Bengaluru,1
BNK200218,7900.76,7,21,67,91132.45,Online,Bengaluru,0
BNK200219,7437.19,5,26,31,81522.95,Transfer,Mumbai,0
BNK200220,13831.51,15,27,42,52206.96,ATM,Mumbai,1
BNK200221,7804.95,22,16,21,77271.36,Transfer,Chennai,0
BNK200222,6987.56,10,26,42,52508.03,Transfer,Mumbai,0
BNK200223,16734.18,16,33,27,16230.19,Online,Mumbai,1
BNK200224,2115.39,22,31,52,12911.24,Online,Chennai,0
BNK200225,13550.26,18,6,72,19242.64,POS,Bengaluru,0
BNK200226,5049.64,10,8,24,35416.75,POS,Bengaluru,0
BNK200227,408.42,7,7,59,93087.66,Bill Payment,Mumbai,0
BNK200228,3418.61,21,34,30,80068.0,ATM,Chennai,0
BNK200229,12172.56,3,14,21,43563.76,POS,Bengaluru,1
BNK200230,14211.63,10,16,67,49561.13,Online,Delhi,0
BNK200231,519.05,7,9,60,26928.14,Transfer,Coimbatore,0
BNK200232,824.87,8,10,74,70583.12,Bill Payment,Coimbatore,0
BNK200233,18060.59,1,17,53,80375.18,POS,Coimbatore,1
BNK200234,1558.79,15,12,73,24271.02,Transfer,Mumbai,0
BNK200235,17894.22,5,6,31,4661.25,Transfer,Coimbatore,1
BNK200236,4640.5,20,19,35,62576.95,POS,Coimbatore,0
BNK200237,14826.35,20,29,25,56469.96,ATM,Delhi,1
BNK200238,6263.69,18,6,49,40512.05,ATM,Bengaluru,0
BNK200239,17189.17,7,25,44,64567.45,Bill Payment,Delhi,0
BNK200240,14039.05,13,24,59,55286.02,ATM,Mumbai,0
BNK200241,8096.09,23,25,54,25432.87,Bill Payment,Coimbatore,0
BNK200242,1618.42,15,16,40,40074.03,Online,Bengaluru,0
BNK200243,14680.73,11,16,24,43097.3,POS,Coimbatore,0
BNK200244,12376.01,4,6,29,88084.68,Transfer,Coimbatore,1
BNK200245,157.94,23,21,42,96109.96,Bill Payment,Mumbai,0
BNK200246,287.46,23,4,20,89353.64,ATM,Coimbatore,0
BNK200247,16194.98,18,34,43,72058.21,Bill Payment,Chennai,1
BNK200248,5262.05,17,28,21,58706.78,Bill Payment,Bengaluru,0
BNK200249,12759.06,8,28,59,69081.53,ATM,Bengaluru,1
BNK200250,9138.87,1,17,53,93941.37,ATM,Chennai,0
BNK200251,17282.26,19,14,32,25374.87,POS,Mumbai,0
BNK200252,18347.53,11,7,49,53744.49,Transfer,Coimbatore,0
BNK200253,19936.47,1,22,46,69116.0,POS,Coimbatore,1
BNK200254,3158.31,9,1,27,68085.08,POS,Bengaluru,0
BNK200255,17272.98,0,29,38,25601.76,ATM,Mumbai,1
BNK200256,5393.83,3,31,71,58879.79,ATM,Mumbai,1
BNK200257,11857.24,11,30,33,79693.36,Transfer,Mumbai,0
BNK200258,10164.88,8,15,64,47770.36,Bill Payment,Coimbatore,0
BNK200259,457.96,3,18,36,79433.16,POS,Mumbai,0
BNK200260,18662.15,8,30,46,36308.32,Transfer,Chennai,1
BNK200261,1658.71,5,34,69,93906.63,POS,Delhi,0
BNK200262,13795.56,0,11,68,53625.88,Bill Payment,Mumbai,1
BNK200263,15721.64,9,27,35,59796.82,POS,Delhi,1
BNK200264,15926.23,13,24,61,3620.48,Online,Coimbatore,1
BNK200265,2796.34,21,8,74,17441.78,Transfer,Mumbai,0
BNK200266,9006.64,17,18,33,63476.92,ATM,Bengaluru,0
BNK200267,16605.63,5,13,18,42277.1,POS,Coimbatore,0
BNK200268,6123.32,17,24,65,51062.3,Transfer,Chennai,0
BNK200269,9408.2,19,23,19,6765.66,Transfer,Chennai,0
BNK200270,5528.6,15,12,73,83496.46,POS,Delhi,0
BNK200271,9324.67,14,30,32,78558.31,ATM,Delhi,0
BNK200272,17767.97,15,31,56,18942.72,ATM,Bengaluru,1
BNK200273,9156.97,7,28,45,63615.77,POS,Bengaluru,0
BNK200274,11162.65,12,22,18,81922.36,Transfer,Chennai,0
BNK200275,8139.13,22,28,22,64264.99,ATM,Mumbai,0
BNK200276,9256.33,10,13,59,31384.61,POS,Chennai,0
BNK200277,401.97,6,25,39,65783.06,POS,Chennai,0
BNK200278,5746.54,16,7,70,21440.94,POS,Bengaluru,0
BNK200279,8787.98,17,6,53,32166.37,Transfer,Delhi,0
BNK200280,12712.56,21,24,63,24386.93,ATM,Bengaluru,0
BNK200281,9056.03,22,19,30,55914.05,Transfer,Bengaluru,0
BNK200282,6822.56,18,19,18,11268.55,Online,Bengaluru,0
BNK200283,7823.16,12,9,33,93364.38,ATM,Chennai,0
BNK200284,4921.64,14,29,72,33684.48,Transfer,Mumbai,0
BNK200285,18497.44,22,24,58,22287.53,ATM,Chennai,0
BNK200286,10482.69,21,5,39,49906.71,Online,Coimbatore,0
BNK200287,366.85,21,26,49,28061.28,Bill Payment,Bengaluru,0
BNK200288,486.98,0,14,33,53722.96,POS,Bengaluru,0
BNK200289,19461.94,15,29,68,35176.66,Transfer,Coimbatore,1
BNK200290,4506.87,4,6,32,13640.65,Online,Bengaluru,0
BNK200291,16131.6,2,7,63,26956.58,Online,Bengaluru,1
BNK200292,1259.68,22,18,69,44124.76,ATM,Bengaluru,0
BNK200293,18431.14,9,23,59,3514.18,ATM,Coimbatore,1
BNK200294,17500.9,18,1,70,77178.93,POS,Chennai,0
BNK200295,11464.75,4,4,29,62371.54,ATM,Bengaluru,0
BNK200296,279.07,6,23,18,60335.28,Transfer,Mumbai,0
BNK200297,5230.44,13,27,70,54831.97,Transfer,Coimbatore,0
BNK200298,8195.77,2,26,34,59236.16,Transfer,Delhi,1
BNK200299,9255.28,12,8,58,93497.87,Bill Payment,Coimbatore,0
BNK200300,6023.81,12,16,72,1352.64,Transfer,Chennai,0
BNK200301,755.66,9,3,68,5256.07,ATM,Coimbatore,0
BNK200302,11843.54,1,32,74,19553.59,ATM,Delhi,1
BNK200303,10530.68,5,5,67,17146.49,Transfer,Mumbai,0
BNK200304,5731.71,7,20,45,18528.85,Online,Delhi,0
BNK200305,855.72,3,14,24,67358.42,Online,Coimbatore,0
BNK200306,19892.42,11,32,26,46218.59,Online,Delhi,1
BNK200307,9691.53,14,26,39,99182.0,POS,Coimbatore,0
BNK200308,15144.48,7,6,43,23075.15,Bill Payment,Mumbai,0
BNK200309,9101.05,6,5,70,31427.6,Transfer,Mumbai,0
BNK200310,959.09,13,13,29,98431.95,POS,Chennai,0
BNK200311,6261.05,22,32,24,83259.94,Online,Mumbai,0
BNK200312,6470.19,18,16,63,47245.02,Transfer,Bengaluru,0
BNK200313,16783.22,13,1,64,55682.39,POS,Delhi,0
BNK200314,13119.18,21,13,32,84396.2,ATM,Delhi,0
BNK200315,5581.06,12,11,55,48357.53,Online,Coimbatore,0
BNK200316,19358.03,20,8,38,20999.36,POS,Mumbai,1
BNK200317,6498.68,0,25,31,82930.23,ATM,Chennai,0
BNK200318,19964.86,18,32,19,54008.36,Online,Chennai,1
BNK200319,19923.66,0,24,25,15727.74,Bill Payment,Chennai,1
BNK200320,3905.09,3,28,62,50805.79,Online,Bengaluru,1
BNK200321,6323.55,9,14,72,41613.74,Bill Payment,Mumbai,0
BNK200322,9772.28,2,3,23,87745.83,Bill Payment,Chennai,0
BNK200323,13315.6,19,27,54,13042.52,Bill Payment,Bengaluru,1
BNK200324,10608.14,8,20,54,87583.38,Transfer,Delhi,0
BNK200325,19391.89,2,15,74,51465.0,Transfer,Coimbatore,1
BNK200326,14507.38,5,27,50,40734.26,Bill Payment,Mumbai,1
BNK200327,4319.69,5,28,58,16615.73,ATM,Mumbai,0
BNK200328,2191.44,22,25,23,70231.39,Bill Payment,Delhi,0
BNK200329,13799.19,11,33,69,92717.27,POS,Mumbai,1
BNK200330,3253.2,22,14,43,37850.05,Bill Payment,Mumbai,0
BNK200331,15774.77,0,8,56,24537.71,Transfer,Mumbai,1
BNK200332,6289.63,15,14,58,55709.26,Transfer,Mumbai,0
BNK200333,6605.18,23,1,54,79720.5,POS,Bengaluru,0
BNK200334,314.89,4,16,31,874.89,POS,Bengaluru,0
BNK200335,14050.12,8,18,54,63322.05,Online,Coimbatore,0
BNK200336,2354.07,9,7,25,59853.34,ATM,Mumbai,0
BNK200337,15480.32,12,15,56,32156.14,ATM,Delhi,0
BNK200338,9888.17,14,24,30,45416.59,ATM,Chennai,0
BNK200339,15707.17,11,13,30,25072.84,Transfer,Coimbatore,0
BNK200340,11720.14,4,9,57,79093.63,ATM,Chennai,0
BNK200341,1740.42,4,15,60,63636.23,Online,Chennai,0
BNK200342,15336.48,17,24,45,53504.81,Online,Mumbai,0
BNK200343,1489.01,11,33,35,39556.36,ATM,Delhi,0
BNK200344,9626.16,2,16,74,29492.75,POS,Chennai,0
BNK200345,3529.75,6,8,36,82362.28,Online,Chennai,0
BNK200346,15071.47,16,29,55,45415.06,POS,Coimbatore,1
BNK200347,18240.67,18,23,49,50394.02,Transfer,Delhi,0
BNK200348,11127.11,17,31,39,52322.46,Online,Delhi,0
BNK200349,10590.23,0,14,19,45112.51,POS,Chennai,0
BNK200350,15302.87,23,30,30,25980.8,ATM,Delhi,1
BNK200351,201.07,4,27,40,12473.87,Transfer,Coimbatore,1
BNK200352,18363.4,1,16,42,10304.46,Bill Payment,Coimbatore,1
BNK200353,4029.23,0,6,45,75867.52,Bill Payment,Coimbatore,0
BNK200354,19683.97,6,33,28,22741.02,ATM,Mumbai,1
BNK200355,14751.45,10,18,50,6039.45,Transfer,Chennai,1
BNK200356,15507.6,10,16,41,79852.98,Transfer,Delhi,0
BNK200357,13158.44,17,12,19,15829.13,Transfer,Coimbatore,0
BNK200358,9486.1,16,20,47,62702.04,Transfer,Chennai,0
BNK200359,11475.39,1,29,34,34195.01,Bill Payment,Chennai,1
BNK200360,1023.42,6,30,57,13084.79,POS,Mumbai,0
BNK200361,12516.79,6,26,51,41740.86,Transfer,Delhi,1
BNK200362,12559.35,9,22,55,1973.48,POS,Delhi,1
BNK200363,17834.9,21,33,39,84183.98,Transfer,Coimbatore,1
BNK200364,10162.56,20,29,22,51593.05,Online,Coimbatore,0
BNK200365,1635.17,2,22,65,14346.42,Online,Chennai,0
BNK200366,6193.3,11,13,57,24079.54,Online,Delhi,0
BNK200367,13147.03,2,9,68,45073.53,Transfer,Delhi,1
BNK200368,4861.25,10,24,33,19292.5,POS,Coimbatore,0
BNK200369,5682.5,11,15,30,27225.62,Bill Payment,Bengaluru,0
BNK200370,16427.33,3,13,43,53671.36,ATM,Chennai,1
BNK200371,11727.96,15,27,48,83344.6,Bill Payment,Delhi,0
BNK200372,10219.7,19,7,69,40483.05,Transfer,Mumbai,0
BNK200373,6437.19,17,8,56,71839.04,Online,Mumbai,0
BNK200374,14645.47,3,14,65,87730.08,Online,Bengaluru,1
BNK200375,5825.6,21,12,40,22021.94,POS,Coimbatore,0
BNK200376,14767.56,5,17,65,80815.6,Transfer,Coimbatore,0
BNK200377,1495.02,20,29,29,75861.52,Bill Payment,Coimbatore,0
BNK200378,17304.37,14,27,31,36015.26,Transfer,Mumbai,1
BNK200379,10041.37,0,1,73,98957.24,Transfer,Coimbatore,0
BNK200380,8826.31,2,34,35,26625.95,Online,Mumbai,1
BNK200381,12259.37,4,4,44,25852.92,Bill Payment,Bengaluru,1
BNK200382,12521.42,21,24,45,77339.79,ATM,Chennai,0
BNK200383,2727.5,16,21,35,43748.4,Online,Delhi,0
BNK200384,15149.05,13,33,33,33414.1,Bill Payment,Bengaluru,1
BNK200385,5590.97,8,7,69,18276.95,POS,Mumbai,0
BNK200386,18108.74,2,1,33,76650.58,Online,Bengaluru,1
BNK200387,16375.23,12,3,30,78739.02,POS,Delhi,0
BNK200388,6990.69,2,15,46,56873.12,Online,Chennai,0
BNK200389,16174.01,10,31,26,95752.7,Transfer,Delhi,1
BNK200390,7192.17,1,16,43,32157.25,Bill Payment,Mumbai,0
BNK200391,2108.86,23,10,45,22352.1,POS,Delhi,0
BNK200392,19241.58,14,29,58,67907.94,Online,Bengaluru,1
BNK200393,13086.78,12,6,30,75961.66,POS,Coimbatore,0
BNK200394,9176.38,18,29,53,22878.14,Online,Bengaluru,0
BNK200395,8015.69,21,17,26,8122.77,Online,Mumbai,0
BNK200396,6561.64,15,22,64,81146.39,ATM,Chennai,0
BNK200397,19630.81,17,24,31,97661.95,ATM,Delhi,0
BNK200398,2781.47,6,17,68,64644.89,ATM,Chennai,0
BNK200399,6364.62,12,21,29,28147.76,POS,Mumbai,0
BNK200400,9761.4,3,11,70,99668.92,Transfer,Delhi,0
BNK200401,9612.19,8,7,74,89380.03,Online,Bengaluru,0
BNK200402,9480.19,9,5,49,51581.37,Bill Payment,Bengaluru,0
BNK200403,3598.1,8,21,55,82619.47,ATM,Mumbai,0
BNK200404,2984.16,6,18,20,81674.14,POS,Delhi,0
BNK200405,5169.87,14,20,74,93512.5,POS,Bengaluru,0
BNK200406,18299.07,7,15,71,84171.92,POS,Mumbai,0
BNK200407,2349.75,18,5,69,64546.08,Bill Payment,Mumbai,0
BNK200408,15172.76,10,13,33,61125.72,Bill Payment,Chennai,0
BNK200409,15175.21,4,12,37,47002.05,ATM,Bengaluru,1
BNK200410,16214.43,1,21,49,62835.32,Bill Payment,Delhi,1
BNK200411,17743.65,9,6,73,79624.05,ATM,Bengaluru,0
BNK200412,5334.42,15,7,40,96919.24,Bill Payment,Bengaluru,0
BNK200413,4568.73,22,26,34,46995.09,Bill Payment,Bengaluru,0
BNK200414,9363.56,12,8,33,57578.49,Bill Payment,Mumbai,0
BNK200415,5375.27,7,9,55,44758.15,ATM,Coimbatore,0
BNK200416,14712.77,8,27,25,67014.62,Online,Coimbatore,1
BNK200417,12755.2,10,4,36,63177.09,ATM,Chennai,0
BNK200418,17512.25,10,21,47,2274.46,Online,Bengaluru,1
BNK200419,1746.49,22,31,74,54345.58,POS,Coimbatore,0
BNK200420,18310.16,15,21,51,9304.45,POS,Chennai,1
BNK200421,5937.64,9,25,31,3125.17,ATM,Mumbai,0
BNK200422,9864.82,23,15,39,79224.12,Online,Bengaluru,0
BNK200423,8828.37,11,28,61,26235.66,Online,Delhi,0
BNK200424,15230.2,5,14,34,34395.18,Online,Mumbai,0
BNK200425,8464.63,11,4,32,6876.42,POS,Chennai,0
BNK200426,18876.71,9,20,67,18360.28,ATM,Mumbai,1
BNK200427,18060.42,17,34,65,76677.68,Transfer,Delhi,1
BNK200428,17456.01,17,12,49,49606.32,Online,Mumbai,0
BNK200429,1518.04,3,33,30,88126.51,Online,Chennai,1
BNK200430,17099.74,8,24,38,40025.59,Transfer,Delhi,0
BNK200431,15654.55,6,20,66,27235.72,ATM,Delhi,0
BNK200432,2159.91,17,5,57,35086.18,Online,Mumbai,0
BNK200433,2237.55,7,30,50,71420.79,ATM,Delhi,0
BNK200434,2113.16,10,24,74,55723.06,Online,Mumbai,0
BNK200435,325.52,6,7,44,90467.03,Bill Payment,Bengaluru,0
BNK200436,11017.82,8,16,52,60415.79,Online,Delhi,0
BNK200437,19470.55,7,15,33,49555.31,Bill Payment,Mumbai,0
BNK200438,8829.83,2,23,45,78682.4,ATM,Bengaluru,0
BNK200439,10861.07,16,12,51,94779.62,Online,Delhi,0
BNK200440,19362.6,1,29,64,35906.67,POS,Bengaluru,1
BNK200441,5178.13,14,15,18,25362.68,POS,Delhi,0
BNK200442,17183.56,13,29,58,61813.63,Transfer,Chennai,1
BNK200443,10973.17,17,21,65,50137.85,POS,Chennai,0
BNK200444,11432.58,15,15,48,98923.96,Bill Payment,Mumbai,0
BNK200445,6929.16,19,14,53,46505.0,POS,Coimbatore,0
BNK200446,11275.53,21,16,61,7895.99,POS,Chennai,0
BNK200447,1555.54,3,15,50,97748.22,POS,Coimbatore,0
BNK200448,15316.41,19,4,50,84436.9,Online,Bengaluru,0
BNK200449,5765.29,5,27,56,18235.89,Transfer,Bengaluru,0
BNK200450,17763.41,5,23,35,90508.22,ATM,Coimbatore,0
BNK200451,7420.23,10,29,40,34396.35,Transfer,Mumbai,0
BNK200452,2942.2,16,9,40,38022.64,Bill Payment,Delhi,0
BNK200453,13948.04,23,7,32,90685.95,Online,Coimbatore,1
BNK200454,3375.11,2,4,43,53246.5,Online,Coimbatore,0
BNK200455,15098.24,12,5,47,14207.41,POS,Coimbatore,1
BNK200456,19365.43,21,5,42,37221.09,POS,Coimbatore,0
BNK200457,15613.1,2,11,62,72348.7,Bill Payment,Coimbatore,1
BNK200458,546.74,15,28,33,17831.33,Online,Mumbai,0
BNK200459,12037.73,14,16,56,59228.0,ATM,Chennai,0
BNK200460,13938.67,10,30,65,69679.78,Transfer,Delhi,1
BNK200461,16526.62,17,4,62,34713.43,Online,Chennai,0
BNK200462,1214.45,14,2,31,69541.13,ATM,Coimbatore,0
BNK200463,9654.15,4,3,34,88478.63,ATM,Chennai,0
BNK200464,10753.88,15,21,29,47475.62,Transfer,Mumbai,0
BNK200465,3465.58,15,6,46,38599.48,ATM,Bengaluru,0
BNK200466,6516.75,16,18,49,25490.26,Bill Payment,Chennai,0
BNK200467,8860.41,8,5,73,60618.45,ATM,Delhi,0
BNK200468,16680.87,22,9,41,88045.28,Bill Payment,Mumbai,0
BNK200469,18595.21,2,20,69,32803.8,ATM,Bengaluru,1
BNK200470,12605.61,19,28,30,39925.43,POS,Mumbai,1
BNK200471,7959.41,12,26,73,40959.24,ATM,Coimbatore,0
BNK200472,5155.22,21,18,37,56300.83,Bill Payment,Bengaluru,0
BNK200473,19644.49,2,19,32,23226.69,ATM,Delhi,1
BNK200474,19662.1,6,3,73,82310.01,ATM,Bengaluru,0
BNK200475,18507.04,5,9,70,29912.43,ATM,Delhi,0
BNK200476,15734.82,8,31,21,70683.59,Bill Payment,Coimbatore,1
BNK200477,6583.01,11,17,71,51564.97,ATM,Delhi,0
BNK200478,16358.31,14,23,51,58796.81,Transfer,Mumbai,0
BNK200479,8234.98,20,34,45,18371.07,Transfer,Chennai,0
BNK200480,6602.78,19,5,67,73634.81,Bill Payment,Mumbai,0
BNK200481,14922.82,2,15,19,19267.74,POS,Mumbai,1
BNK200482,1685.11,9,3,74,11790.63,Transfer,Bengaluru,0
BNK200483,1066.4,0,19,64,54894.61,Online,Coimbatore,0
BNK200484,9014.28,18,28,47,71075.07,Transfer,Chennai,0
BNK200485,8968.21,18,3,43,5478.57,Online,Delhi,0
BNK200486,17923.32,22,4,68,7404.83,Bill Payment,Bengaluru,1
BNK200487,2610.45,22,24,64,80366.58,POS,Coimbatore,0
BNK200488,2553.35,12,31,43,80998.75,Online,Chennai,0
BNK200489,3034.31,11,11,37,24907.82,Online,Mumbai,0
BNK200490,691.75,0,1,59,61715.21,Transfer,Coimbatore,0
BNK200491,1527.46,18,9,45,44596.42,Online,Coimbatore,0
BNK200492,13231.41,23,17,73,63453.26,Bill Payment,Coimbatore,1
BNK200493,8688.53,15,1,37,86356.49,Bill Payment,Mumbai,0
BNK200494,15295.7,22,3,28,8445.71,Bill Payment,Delhi,1
BNK200495,19852.69,22,26,27,77909.45,Transfer,Bengaluru,1
BNK200496,13214.79,14,31,40,49556.4,POS,Delhi,1
BNK200497,1104.07,15,26,54,56630.63,Transfer,Chennai,0
BNK200498,2180.8,10,23,58,65566.17,Bill Payment,Bengaluru,0
BNK200499,17631.98,23,30,69,92301.0,Transfer,Chennai,1
BNK200500,10597.17,5,10,36,6143.64,Bill Payment,Mumbai,0
BNK200501,16514.26,10,8,62,3432.9,ATM,Delhi,1
BNK200502,17146.59,2,25,35,18237.05,ATM,Coimbatore,1
BNK200503,18560.72,14,22,66,98651.55,Online,Bengaluru,0
BNK200504,19001.6,0,15,44,71650.1,POS,Coimbatore,1
BNK200505,11141.03,6,10,23,61656.79,ATM,Chennai,0
BNK200506,6886.3,0,20,27,5180.39,Bill Payment,Coimbatore,1
BNK200507,19241.11,16,23,19,87971.47,Transfer,Coimbatore,0
BNK200508,10993.39,8,1,41,81369.31,Transfer,Mumbai,0
BNK200509,1378.63,22,2,55,66647.6,Online,Mumbai,0
BNK200510,12891.25,12,19,45,34243.52,Transfer,Delhi,0
BNK200511,11794.93,10,14,45,7515.24,ATM,Chennai,0
BNK200512,17926.28,19,8,70,58213.83,Transfer,Mumbai,0
BNK200513,13098.43,5,12,62,72109.61,ATM,Mumbai,0
BNK200514,7046.14,0,26,67,9876.91,ATM,Delhi,1
BNK200515,19327.89,6,27,56,63559.88,POS,Bengaluru,1
BNK200516,16052.23,11,29,19,28993.42,Online,Delhi,1
BNK200517,12645.31,21,15,63,76542.3,Bill Payment,Coimbatore,0
BNK200518,5929.21,19,1,22,54191.78,ATM,Coimbatore,0
BNK200519,7533.45,22,28,67,13339.16,Online,Mumbai,0
BNK200520,13432.4,18,3,28,52888.69,Bill Payment,Mumbai,0
BNK200521,1532.42,16,18,27,39875.82,Transfer,Delhi,0
BNK200522,5207.94,3,34,60,18445.42,Online,Delhi,1
BNK200523,14306.63,2,32,19,84230.81,Online,Chennai,1
BNK200524,9652.37,0,29,32,1597.33,Online,Coimbatore,1
BNK200525,8107.63,17,25,56,31556.76,Transfer,Delhi,0
BNK200526,3114.01,20,26,58,1753.21,Transfer,Bengaluru,1
BNK200527,8892.8,14,8,54,10052.69,Online,Chennai,0
BNK200528,15436.77,7,19,24,30061.07,POS,Delhi,0
BNK200529,5353.86,0,22,37,5899.98,ATM,Mumbai,1
BNK200530,207.43,19,29,51,59864.74,Transfer,Delhi,0
BNK200531,13403.25,13,33,52,9142.86,POS,Mumbai,1
BNK200532,19455.27,3,3,51,70320.51,Transfer,Mumbai,1
BNK200533,12175.85,4,19,70,5737.89,Online,Coimbatore,1
BNK200534,2486.44,22,10,39,6401.24,POS,Coimbatore,0
BNK200535,6482.59,12,27,48,30879.93,Bill Payment,Delhi,0
BNK200536,17366.07,23,15,40,89708.87,ATM,Delhi,1
BNK200537,4728.1,14,11,36,64318.63,ATM,Bengaluru,0
BNK200538,12193.15,5,26,21,77128.06,Transfer,Chennai,1
BNK200539,8113.16,0,24,41,14584.43,ATM,Chennai,0
BNK200540,4236.09,22,13,37,83495.48,Bill Payment,Delhi,0
BNK200541,16286.8,18,32,56,1310.55,POS,Coimbatore,1
BNK200542,14882.34,12,4,45,21699.21,POS,Bengaluru,0
BNK200543,13265.66,5,13,71,61801.19,Online,Chennai,0
BNK200544,4803.1,14,9,56,37837.02,POS,Delhi,0
BNK200545,2047.35,15,34,34,98427.24,Transfer,Coimbatore,0
BNK200546,11565.57,23,7,36,3518.76,Bill Payment,Coimbatore,1
BNK200547,11118.19,22,1,71,99860.52,Online,Coimbatore,0
BNK200548,3848.86,15,12,65,62550.97,Transfer,Mumbai,0
BNK200549,1219.31,9,21,52,56091.35,Transfer,Coimbatore,0
BNK200550,1706.1,21,11,49,6421.49,Transfer,Delhi,0
BNK200551,19856.14,8,14,64,27696.22,ATM,Bengaluru,0
BNK200552,15693.32,8,34,63,92503.94,Transfer,Delhi,1
BNK200553,18447.55,16,34,64,35747.48,ATM,Coimbatore,1
BNK200554,3981.59,16,25,63,66334.49,POS,Bengaluru,0
BNK200555,19215.31,16,4,56,99949.89,ATM,Chennai,0
BNK200556,2938.82,23,26,74,26675.44,Transfer,Chennai,1
BNK200557,10230.73,11,16,52,57820.05,Bill Payment,Delhi,0
BNK200558,16610.94,12,10,47,69795.56,Bill Payment,Bengaluru,0
BNK200559,7061.09,11,2,34,16880.41,POS,Delhi,0
BNK200560,8554.09,13,19,59,15292.92,Transfer,Bengaluru,0
BNK200561,2650.88,9,6,64,45902.64,ATM,Bengaluru,0
BNK200562,2546.15,22,19,46,38888.35,Bill Payment,Delhi,0
BNK200563,12429.41,18,8,23,71564.44,Online,Bengaluru,0
BNK200564,13543.09,1,14,34,7416.12,Transfer,Coimbatore,1
BNK200565,15568.92,3,10,34,97230.58,Transfer,Bengaluru,1
BNK200566,11177.97,18,3,31,1920.56,Online,Bengaluru,0
BNK200567,12950.61,6,29,41,60331.02,Bill Payment,Delhi,1
BNK200568,368.99,14,15,74,56481.94,Online,Chennai,0
BNK200569,3327.2,14,23,67,13904.22,POS,Mumbai,0
BNK200570,19699.8,23,23,74,15516.14,ATM,Bengaluru,1
BNK200571,1612.27,5,18,54,79371.41,ATM,Mumbai,0
BNK200572,13607.89,2,19,57,88812.46,Bill Payment,Bengaluru,1
BNK200573,3604.04,5,28,56,28660.19,Online,Delhi,0
BNK200574,14362.7,15,26,72,44077.41,Transfer,Delhi,1
BNK200575,14149.21,1,10,49,35822.01,Transfer,Bengaluru,1
BNK200576,4760.56,6,4,53,7718.43,Transfer,Delhi,0
BNK200577,5465.72,10,2,67,67483.82,POS,Delhi,0
BNK200578,13129.94,6,3,54,82606.7,POS,Bengaluru,0
BNK200579,7862.71,3,7,65,30835.5,Transfer,Chennai,0
BNK200580,3971.5,23,16,31,99022.49,Bill Payment,Bengaluru,0
BNK200581,14660.42,19,31,44,8047.23,POS,Chennai,1
BNK200582,3167.54,6,10,36,66348.18,POS,Delhi,0
BNK200583,17127.31,3,19,48,45098.69,ATM,Chennai,1
BNK200584,10341.92,11,28,63,44936.89,ATM,Delhi,0
BNK200585,2203.44,4,17,26,46035.74,Bill Payment,Chennai,0
BNK200586,13912.04,22,28,55,26238.84,POS,Chennai,1
BNK200587,10431.34,18,19,34,71698.5,POS,Bengaluru,0
BNK200588,6031.35,4,23,36,72296.86,Online,Chennai,0
BNK200589,8508.53,18,20,61,28598.51,Bill Payment,Delhi,0
BNK200590,6036.92,20,13,21,83612.99,Bill Payment,Bengaluru,0
BNK200591,5334.21,2,13,65,32026.07,Online,Chennai,0
BNK200592,3355.81,10,11,74,72646.77,Online,Bengaluru,0
BNK200593,7319.07,6,15,28,12539.48,ATM,Mumbai,0
BNK200594,5094.65,16,17,39,17285.81,Bill Payment,Bengaluru,0
BNK200595,13700.35,8,28,21,31921.67,Bill Payment,Mumbai,1
BNK200596,13709.15,20,19,34,59590.44,Online,Mumbai,0
BNK200597,10086.62,8,4,25,64728.39,Transfer,Bengaluru,0
BNK200598,15581.1,9,22,63,39937.44,Transfer,Delhi,0
BNK200599,16842.66,12,22,51,8245.0,ATM,Delhi,1
BNK200600,11637.35,14,34,28,37676.65,Transfer,Delhi,0
BNK200601,12416.81,21,33,48,69032.37,Transfer,Coimbatore,1
BNK200602,5729.43,4,33,28,67264.05,Transfer,Mumbai,1
BNK200603,17907.9,2,12,73,16439.54,POS,Bengaluru,1
BNK200604,581.7,7,2,71,1274.51,ATM,Delhi,0
BNK200605,7037.19,19,28,73,75421.67,Online,Delhi,0
BNK200606,14463.83,9,10,55,11083.63,Transfer,Bengaluru,1
BNK200607,1693.78,12,22,70,8693.74,POS,Mumbai,0
BNK200608,3745.07,2,17,38,768.77,Transfer,Bengaluru,1
BNK200609,11826.79,21,26,63,43543.83,POS,Coimbatore,0
BNK200610,11243.87,7,3,47,50574.76,ATM,Coimbatore,0
BNK200611,14804.67,8,7,27,63947.57,Transfer,Bengaluru,0
BNK200612,16270.99,21,8,43,29958.35,POS,Mumbai,0
BNK200613,2658.73,20,20,44,71187.26,Bill Payment,Delhi,0
BNK200614,465.78,11,12,25,17348.52,Bill Payment,Coimbatore,0
BNK200615,13823.81,10,17,56,83283.01,POS,Coimbatore,0
BNK200616,6097.7,1,28,25,57398.91,Transfer,Mumbai,1
BNK200617,12557.08,17,10,25,58597.04,Transfer,Coimbatore,0
BNK200618,3095.84,8,22,72,21372.65,ATM,Coimbatore,0
BNK200619,9433.9,1,33,51,7873.82,ATM,Mumbai,1
BNK200620,10138.05,1,22,33,46740.12,Online,Bengaluru,0
BNK200621,11743.05,2,13,58,61753.39,ATM,Delhi,0
BNK200622,10312.08,15,27,30,9957.12,Transfer,Delhi,1
BNK200623,9964.25,18,15,40,95078.18,Online,Coimbatore,0
BNK200624,6721.41,3,22,29,98051.23,ATM,Delhi,0
BNK200625,1516.49,22,30,44,54772.94,POS,Bengaluru,0
BNK200626,1881.45,17,34,39,95031.88,Bill Payment,Coimbatore,0
BNK200627,8732.19,19,34,49,18354.8,ATM,Delhi,0
BNK200628,7180.28,17,19,74,3029.36,ATM,Chennai,0
BNK200629,10371.08,9,8,66,4421.25,POS,Chennai,0
BNK200630,6166.28,10,33,44,58957.49,Transfer,Chennai,0
BNK200631,13789.41,16,28,19,6633.37,POS,Chennai,1
BNK200632,17292.7,23,25,62,95875.29,ATM,Chennai,1
BNK200633,6047.38,22,17,50,14622.35,Transfer,Coimbatore,0
BNK200634,3940.38,23,24,43,30819.92,Online,Mumbai,0
BNK200635,2411.99,19,21,45,82340.52,ATM,Mumbai,0
BNK200636,12363.46,15,2,36,22264.66,POS,Coimbatore,0
BNK200637,8932.73,19,31,60,24675.36,Online,Coimbatore,0
BNK200638,3841.51,12,33,22,64409.74,Bill Payment,Bengaluru,0
BNK200639,13097.42,1,30,50,27970.57,Online,Mumbai,1
BNK200640,3054.82,23,12,37,22136.04,POS,Chennai,0
BNK200641,11130.58,1,12,47,25790.68,Online,Coimbatore,0
BNK200642,10590.25,13,24,62,49319.43,POS,Chennai,0
BNK200643,14711.13,3,24,25,96626.94,ATM,Mumbai,1
BNK200644,1196.68,16,11,55,83307.68,Transfer,Delhi,0
BNK200645,17768.67,12,13,34,28818.72,Bill Payment,Delhi,0
BNK200646,14089.54,3,27,61,36655.63,Transfer,Coimbatore,1
BNK200647,4400.91,2,8,18,46718.97,Transfer,Bengaluru,0
BNK200648,3749.77,11,10,20,97903.5,Transfer,Chennai,0
BNK200649,8690.04,21,8,63,17652.85,POS,Coimbatore,0
BNK200650,16369.55,22,20,43,36069.57,POS,Bengaluru,0
BNK200651,16874.7,7,8,48,73077.9,Bill Payment,Chennai,0
BNK200652,10457.08,1,9,25,96412.4,POS,Mumbai,0
BNK200653,17230.14,5,7,60,15989.68,POS,Delhi,1
BNK200654,208.33,21,14,63,23124.31,POS,Bengaluru,0
BNK200655,799.98,9,28,25,22956.62,POS,Chennai,0
BNK200656,18245.25,11,2,52,2582.74,ATM,Coimbatore,1
BNK200657,15529.11,20,8,56,60609.5,Bill Payment,Chennai,0
BNK200658,9069.05,9,13,45,67234.96,POS,Coimbatore,0
BNK200659,15096.84,9,21,68,60451.33,Bill Payment,Delhi,0
BNK200660,19117.23,22,28,21,7596.64,Online,Delhi,1
BNK200661,15464.58,2,23,74,7388.4,ATM,Chennai,1
BNK200662,16863.19,19,15,33,21433.46,POS,Chennai,0
BNK200663,15236.07,9,2,30,29384.3,ATM,Coimbatore,0
BNK200664,3447.4,8,12,37,78761.09,ATM,Coimbatore,0
BNK200665,16688.12,19,3,68,16359.33,Online,Bengaluru,1
BNK200666,3982.67,18,5,22,4887.18,Bill Payment,Bengaluru,0
BNK200667,17862.97,13,3,72,39701.76,ATM,Bengaluru,0
BNK200668,9227.13,1,19,54,41931.02,Transfer,Chennai,0
BNK200669,13571.84,4,2,37,45365.28,Online,Bengaluru,1
BNK200670,9995.09,19,17,41,82776.9,Transfer,Chennai,0
BNK200671,1970.42,7,14,53,10251.54,Online,Delhi,0
BNK200672,5885.37,6,28,51,70542.24,Transfer,Mumbai,0
BNK200673,19676.26,5,27,62,34125.58,Transfer,Delhi,1
BNK200674,19218.22,10,10,65,31343.02,ATM,Chennai,0
BNK200675,6477.69,11,3,71,93288.04,ATM,Chennai,0
BNK200676,19926.31,17,25,51,25222.62,Online,Mumbai,0
BNK200677,16926.47,18,22,36,64431.92,Bill Payment,Coimbatore,0
BNK200678,12258.09,9,30,34,27875.21,ATM,Coimbatore,1
BNK200679,898.48,20,21,22,50960.82,ATM,Coimbatore,0
BNK200680,18038.79,13,30,42,78736.14,POS,Bengaluru,1
BNK200681,11192.84,2,28,35,88231.39,ATM,Coimbatore,1
BNK200682,17382.68,17,31,72,83950.38,Bill Payment,Bengaluru,1
BNK200683,16705.14,23,26,70,58426.98,POS,Bengaluru,1
BNK200684,16676.82,14,22,67,25257.22,Transfer,Coimbatore,0
BNK200685,13993.66,5,21,25,66292.72,Transfer,Coimbatore,0
BNK200686,5899.16,9,1,44,71135.55,POS,Mumbai,0
BNK200687,6789.59,11,13,32,1563.85,POS,Mumbai,0
BNK200688,6238.54,6,21,62,44201.45,POS,Bengaluru,0
BNK200689,498.92,16,9,30,84404.57,Online,Mumbai,0
BNK200690,11693.12,0,17,33,49213.97,Bill Payment,Bengaluru,0
BNK200691,14006.79,17,21,39,31481.86,Bill Payment,Chennai,0
BNK200692,17091.93,14,31,37,87243.88,Transfer,Bengaluru,1
BNK200693,2889.29,18,22,30,16010.13,Transfer,Bengaluru,0
BNK200694,10929.24,0,12,37,21041.3,Transfer,Mumbai,0
BNK200695,259.36,4,6,19,68893.55,ATM,Chennai,0
BNK200696,1992.36,14,16,52,35567.38,Transfer,Delhi,0
BNK200697,1178.81,2,26,64,71445.18,POS,Delhi,1
BNK200698,14537.01,0,5,72,16191.51,Transfer,Delhi,1
BNK200699,1713.09,7,9,36,25600.77,POS,Chennai,0
BNK200700,14357.41,11,14,62,16086.41,Online,Coimbatore,1
BNK200701,5067.53,21,30,54,95314.58,ATM,Chennai,0
BNK200702,17566.49,18,26,71,40837.69,ATM,Mumbai,1
BNK200703,16281.68,11,29,23,34053.38,Bill Payment,Bengaluru,1
BNK200704,19160.82,12,19,31,1913.11,Online,Bengaluru,1
BNK200705,17686.86,0,8,21,15765.05,POS,Mumbai,1
BNK200706,18673.26,18,23,39,42403.02,Online,Mumbai,0
BNK200707,17188.97,5,31,68,7316.03,ATM,Bengaluru,1
BNK200708,13898.3,7,32,72,51318.56,POS,Coimbatore,1
BNK200709,3488.16,3,5,56,45774.04,Online,Coimbatore,0
BNK200710,5506.98,4,16,53,76833.23,ATM,Coimbatore,0
BNK200711,4333.27,21,17,51,66150.37,POS,Mumbai,0
BNK200712,12111.36,6,32,44,44871.76,POS,Bengaluru,1
BNK200713,10122.04,22,32,24,22853.74,ATM,Bengaluru,0
BNK200714,17354.89,3,20,20,72822.92,POS,Bengaluru,1
BNK200715,19058.19,19,2,64,70932.28,ATM,Chennai,0
BNK200716,8156.71,3,20,50,15752.97,Transfer,Chennai,0
BNK200717,10176.38,14,18,19,91517.81,Transfer,Delhi,0
BNK200718,19433.18,20,1,59,6908.31,POS,Chennai,1
BNK200719,5597.15,4,29,33,5976.25,POS,Coimbatore,1
BNK200720,15868.58,23,29,42,19141.37,ATM,Coimbatore,1
BNK200721,4582.27,8,19,32,90991.35,POS,Coimbatore,0
BNK200722,13661.06,1,6,41,52239.81,Bill Payment,Coimbatore,1
BNK200723,5146.95,6,8,32,78900.12,Transfer,Delhi,0
BNK200724,17686.29,16,24,48,23170.4,POS,Coimbatore,0
BNK200725,11273.41,15,20,31,49277.09,POS,Mumbai,0
BNK200726,3800.08,16,14,71,36149.8,Online,Mumbai,0
BNK200727,4564.95,19,5,31,82868.95,POS,Mumbai,0
BNK200728,9927.6,22,34,23,2749.14,Bill Payment,Chennai,1
BNK200729,19235.88,1,16,31,24762.35,Transfer,Bengaluru,1
BNK200730,15415.88,10,7,34,15681.14,Online,Delhi,1
BNK200731,9817.36,1,16,35,85989.31,ATM,Mumbai,0
BNK200732,6820.61,0,7,37,47020.61,ATM,Mumbai,0
BNK200733,11030.44,1,27,68,40719.89,Transfer,Coimbatore,1
BNK200734,14992.38,22,14,34,45223.53,ATM,Mumbai,0
BNK200735,15700.18,8,14,33,97206.49,Bill Payment,Coimbatore,0
BNK200736,6559.72,21,33,57,85101.61,POS,Coimbatore,0
BNK200737,14451.07,1,33,56,70783.69,Transfer,Bengaluru,1
BNK200738,13190.0,14,20,69,29402.66,Online,Chennai,0
BNK200739,19186.33,9,7,49,16934.71,POS,Coimbatore,1
BNK200740,18628.7,14,32,61,92182.65,ATM,Coimbatore,1
BNK200741,15808.65,9,3,26,42596.01,ATM,Bengaluru,0
BNK200742,14495.55,22,29,44,28236.2,Online,Coimbatore,1
BNK200743,5553.43,16,24,63,47356.62,Bill Payment,Delhi,0
BNK200744,16934.71,8,22,69,91825.82,Online,Chennai,0
BNK200745,8607.36,17,6,50,39013.2,Transfer,Delhi,0
BNK200746,5517.59,3,24,27,56482.78,Online,Mumbai,0
BNK200747,7744.8,8,23,34,80395.15,ATM,Chennai,0
BNK200748,16735.12,15,10,66,42999.69,Bill Payment,Mumbai,0
BNK200749,3057.8,3,16,66,23737.41,Bill Payment,Coimbatore,0
BNK200750,9177.56,15,11,53,99455.31,Online,Bengaluru,0
BNK200751,9897.92,18,32,34,95678.8,Transfer,Delhi,0
BNK200752,828.93,0,6,35,84426.18,ATM,Mumbai,0
BNK200753,3995.35,22,24,69,68993.2,POS,Coimbatore,0
BNK200754,16552.17,5,33,40,29839.13,Bill Payment,Delhi,1
BNK200755,16632.27,9,12,51,91384.59,Online,Delhi,0
BNK200756,5919.06,15,27,25,27917.89,Transfer,Mumbai,0
BNK200757,17510.45,3,18,30,80180.54,Transfer,Coimbatore,1
BNK200758,15458.48,21,13,40,91866.69,ATM,Bengaluru,0
BNK200759,8416.36,21,30,74,60498.88,Bill Payment,Mumbai,0
BNK200760,14993.29,12,13,71,80404.09,ATM,Delhi,0
BNK200761,19230.56,15,34,37,79273.66,POS,Delhi,1
BNK200762,9233.5,19,30,39,19719.2,POS,Chennai,0
BNK200763,4844.7,5,25,64,66958.49,POS,Coimbatore,0
BNK200764,18842.15,10,2,69,9800.06,Transfer,Chennai,1
BNK200765,12114.51,23,18,40,51031.09,Bill Payment,Bengaluru,1
BNK200766,2194.78,2,5,58,16642.44,ATM,Mumbai,0
BNK200767,11496.39,19,19,52,41926.78,ATM,Delhi,0
BNK200768,10061.56,9,18,20,83381.72,POS,Coimbatore,0
BNK200769,17126.22,0,32,51,98723.2,Bill Payment,Delhi,1
BNK200770,10660.83,19,21,50,32137.0,Bill Payment,Chennai,0
BNK200771,5179.13,10,10,63,53429.59,Online,Chennai,0
BNK200772,13545.32,11,22,34,51374.15,Bill Payment,Mumbai,0
BNK200773,10897.25,13,13,62,95462.95,Bill Payment,Coimbatore,0
BNK200774,4737.59,7,17,36,48119.08,ATM,Coimbatore,0
BNK200775,11515.19,10,9,47,70061.07,Bill Payment,Mumbai,0
BNK200776,16448.56,3,24,40,92218.03,Bill Payment,Chennai,1
BNK200777,668.56,6,14,32,37651.17,ATM,Chennai,0
BNK200778,12653.94,9,8,74,90261.16,Bill Payment,Chennai,0
BNK200779,7056.75,18,19,31,91786.89,ATM,Delhi,0
BNK200780,5924.16,3,28,19,93100.92,Online,Bengaluru,1
BNK200781,7912.5,1,30,56,27409.4,Transfer,Chennai,1
BNK200782,6906.25,20,7,66,40335.38,ATM,Bengaluru,0
BNK200783,16661.56,17,26,35,87104.39,ATM,Bengaluru,1
BNK200784,5568.48,13,11,23,36236.6,Bill Payment,Coimbatore,0
BNK200785,14689.75,15,14,49,60225.18,ATM,Mumbai,0
BNK200786,1971.79,21,21,38,12246.42,POS,Delhi,0
BNK200787,19032.79,10,8,57,6099.36,POS,Bengaluru,1
BNK200788,12484.1,9,3,45,41493.4,Online,Delhi,0
BNK200789,14163.7,16,28,44,58102.19,ATM,Coimbatore,1
BNK200790,6030.98,13,29,19,39573.56,Bill Payment,Chennai,0
BNK200791,8300.72,21,23,50,57984.71,Bill Payment,Bengaluru,0
BNK200792,4553.19,3,18,33,51750.9,Transfer,Mumbai,0
BNK200793,18657.47,18,13,56,68727.87,Online,Coimbatore,0
BNK200794,9813.28,1,12,39,65128.48,Bill Payment,Delhi,0
BNK200795,12645.92,6,5,73,42712.45,Transfer,Chennai,0
BNK200796,14712.01,8,11,60,42787.03,Bill Payment,Delhi,0
BNK200797,7485.01,18,11,64,14507.44,Transfer,Mumbai,0
BNK200798,14430.02,15,31,30,51567.24,POS,Bengaluru,1
BNK200799,13552.25,21,31,73,58924.32,POS,Mumbai,1
BNK200800,14142.62,15,13,19,47910.7,Bill Payment,Delhi,0
