Transaction_ID,Amount,Hour,Frequency,Customer_Age,Previous_Transactions,Average_Amount,Distance_From_Usual_Location,Merchant_Category,Location,Fraud
DEM300001,7181.87,23,1,28,40,2953.0,80.07,Travel,Chennai,1
DEM300002,2972.75,17,16,44,64,2480.76,100.05,Food,Coimbatore,0
DEM300003,9447.9,2,22,40,16,2216.54,35.05,Food,Coimbatore,1
DEM300004,14693.36,16,22,55,77,2128.33,73.45,Retail,Chennai,1
DEM300005,7019.6,23,14,61,59,1884.97,58.63,Online,Coimbatore,1
DEM300006,12280.72,23,4,20,11,2245.81,13.46,Travel,Bangalore,1
DEM300007,7665.98,6,23,29,1,1439.15,93.83,Food,Chennai,1
DEM300008,7488.02,12,23,47,13,2582.28,74.28,Food,Coimbatore,1
DEM300009,13963.31,15,12,48,30,2180.13,41.28,Travel,Mumbai,0
DEM300010,13360.49,4,12,40,69,2382.38,71.05,Retail,Chennai,1
DEM300011,11808.43,3,17,18,18,2439.72,116.29,Online,Chennai,1
DEM300012,4514.21,9,21,58,78,548.59,120.25,Travel,Mumbai,1
DEM300013,8220.63,12,15,37,13,450.23,97.43,Online,Mumbai,1
DEM300014,3436.07,9,10,23,32,2462.66,70.16,Retail,Coimbatore,0
DEM300015,6714.36,13,3,28,71,1000.34,86.36,Retail,Mumbai,0
DEM300016,7314.77,21,23,52,72,1871.32,57.75,Travel,Bangalore,1
DEM300017,12491.44,11,20,21,50,1498.02,18.98,Food,Chennai,1
DEM300018,13450.82,0,20,46,71,359.51,57.84,Retail,Bangalore,1
DEM300019,6277.84,20,12,27,31,408.76,79.55,Retail,Coimbatore,0
DEM300020,363.8,19,1,46,51,2533.24,89.83,Travel,Mumbai,0
DEM300021,12940.43,19,1,55,27,1940.73,140.37,Travel,Chennai,1
DEM300022,2696.75,6,10,18,60,1714.38,116.6,Travel,Mumbai,0
DEM300023,9366.04,8,18,57,33,2849.75,22.8,Retail,Mumbai,0
DEM300024,472.07,7,15,25,53,767.41,26.13,Online,Coimbatore,0
DEM300025,6052.65,12,2,55,72,996.52,15.07,Retail,Coimbatore,0
DEM300026,14790.81,13,17,34,33,2343.2,110.73,Travel,Coimbatore,1
DEM300027,1600.33,11,8,36,41,2393.14,105.92,Food,Coimbatore,0
DEM300028,6413.03,7,22,50,19,1393.22,147.95,Food,Chennai,1
DEM300029,4676.53,20,22,32,41,2867.64,78.3,Travel,Bangalore,0
DEM300030,13585.81,21,9,62,42,2833.29,123.96,Food,Bangalore,1
DEM300031,13053.17,17,21,48,23,333.51,86.47,Retail,Chennai,1
DEM300032,3641.71,15,20,38,75,765.29,131.11,Online,Mumbai,1
DEM300033,1309.7,10,11,20,33,2514.59,108.15,Retail,Chennai,0
DEM300034,9444.36,15,6,19,20,1205.09,96.43,Travel,Bangalore,1
DEM300035,5111.89,13,24,52,25,557.75,84.77,Retail,Bangalore,1
DEM300036,10114.06,2,14,58,52,2419.5,108.45,Food,Chennai,1
DEM300037,578.58,20,1,33,12,1527.38,62.95,Retail,Coimbatore,0
DEM300038,2087.65,1,7,62,32,1629.51,14.49,Online,Mumbai,0
DEM300039,10326.95,2,24,38,33,803.2,6.0,Food,Chennai,1
DEM300040,3264.32,3,9,29,74,2084.42,71.85,Online,Bangalore,0
DEM300041,12878.06,21,11,45,68,1788.35,89.89,Online,Coimbatore,1
DEM300042,973.0,4,24,29,15,858.02,11.83,Online,Mumbai,1
DEM300043,3310.68,9,23,50,51,1218.9,43.04,Retail,Bangalore,0
DEM300044,14978.55,19,16,37,6,1911.57,48.3,Retail,Mumbai,0
DEM300045,6552.83,1,19,57,69,2797.16,84.42,Retail,Coimbatore,1
DEM300046,10574.19,11,2,38,69,2785.02,41.77,Retail,Bangalore,0
DEM300047,2821.68,4,15,56,35,1077.35,14.35,Food,Coimbatore,0
DEM300048,9187.04,4,3,58,34,2286.18,24.73,Retail,Chennai,1
DEM300049,10918.98,22,4,59,63,2393.9,26.09,Food,Chennai,0
DEM300050,4785.7,0,20,53,68,2483.82,126.4,Online,Mumbai,1
DEM300051,12450.57,3,22,39,18,1841.06,42.65,Food,Coimbatore,1
DEM300052,9090.92,20,7,43,26,328.37,107.2,Travel,Coimbatore,1
DEM300053,5897.93,23,12,24,61,2356.53,85.18,Retail,Mumbai,1
DEM300054,8408.87,11,4,24,78,587.81,146.56,Travel,Mumbai,1
DEM300055,8693.74,11,10,25,74,615.55,40.92,Food,Mumbai,0
DEM300056,2566.48,15,6,43,48,1935.19,23.76,Retail,Chennai,0
DEM300057,6100.71,23,22,41,72,2955.51,7.81,Travel,Mumbai,1
DEM300058,5217.12,16,14,41,31,954.86,36.14,Retail,Chennai,0
DEM300059,6073.45,20,3,57,34,2043.69,102.61,Food,Mumbai,0
DEM300060,11440.55,9,17,29,7,1119.86,12.79,Travel,Coimbatore,0
DEM300061,7289.82,16,11,64,7,2726.56,36.71,Food,Coimbatore,0
DEM300062,14110.71,16,10,25,47,1902.5,128.3,Travel,Mumbai,1
DEM300063,4475.78,17,21,26,8,860.19,87.44,Online,Mumbai,1
DEM300064,6293.98,1,10,20,78,1007.75,10.43,Online,Chennai,0
DEM300065,11825.66,3,10,38,1,1467.7,7.15,Online,Bangalore,1
DEM300066,8235.77,18,3,48,77,629.52,9.17,Online,Chennai,0
DEM300067,8250.72,10,24,64,3,512.58,141.28,Online,Coimbatore,1
DEM300068,894.77,16,15,41,53,2136.17,127.48,Food,Mumbai,0
DEM300069,6039.13,11,17,21,38,1399.35,126.74,Online,Coimbatore,0
DEM300070,4133.93,1,18,37,51,2260.81,138.63,Food,Bangalore,1
DEM300071,14990.09,5,19,33,15,597.16,75.79,Online,Chennai,1
DEM300072,4694.49,8,19,27,67,1946.64,37.1,Retail,Coimbatore,0
DEM300073,13279.0,4,12,60,64,1496.93,60.2,Online,Chennai,1
DEM300074,10175.88,19,24,43,68,456.6,107.83,Retail,Mumbai,1
DEM300075,5179.65,20,5,46,5,1770.97,131.4,Food,Coimbatore,0
DEM300076,8198.66,8,24,22,10,523.57,65.26,Online,Bangalore,1
DEM300077,12623.98,22,16,28,8,2534.84,80.31,Travel,Chennai,1
DEM300078,13262.19,7,15,46,12,2006.29,139.77,Food,Chennai,1
DEM300079,2489.87,19,15,62,64,1803.81,16.12,Online,Bangalore,0
DEM300080,5159.64,7,6,32,59,660.37,129.34,Food,Coimbatore,0
DEM300081,5094.83,21,12,23,67,1076.13,23.9,Travel,Coimbatore,0
DEM300082,726.47,20,2,32,50,1630.76,72.58,Online,Chennai,0
DEM300083,9013.74,22,20,60,23,2009.87,32.76,Travel,Bangalore,1
DEM300084,12836.82,5,9,37,40,794.72,90.44,Online,Chennai,1
DEM300085,5785.46,2,4,51,78,323.94,83.79,Retail,Chennai,1
DEM300086,11126.54,4,5,19,77,1230.85,57.0,Food,Mumbai,1
DEM300087,9452.74,8,21,61,76,1603.75,129.5,Travel,Coimbatore,1
DEM300088,5697.17,6,8,33,18,797.97,98.97,Food,Coimbatore,0
DEM300089,2201.79,3,22,36,21,1628.85,108.18,Travel,Mumbai,1
DEM300090,10668.93,6,10,51,1,1213.91,22.6,Food,Coimbatore,0
DEM300091,12833.02,4,7,31,38,1528.74,132.47,Food,Coimbatore,1
DEM300092,10319.23,10,22,41,41,1238.14,25.06,Food,Coimbatore,1
DEM300093,366.39,14,14,45,42,1996.86,33.42,Retail,Bangalore,0
DEM300094,3321.87,1,5,49,9,415.82,19.21,Online,Mumbai,0
DEM300095,1135.25,12,16,54,23,761.44,66.05,Retail,Chennai,0
DEM300096,8598.75,21,15,27,78,1468.43,133.16,Food,Bangalore,1
DEM300097,11371.52,15,5,62,11,1262.0,37.87,Travel,Chennai,0
DEM300098,1747.63,6,3,26,71,1357.41,56.06,Food,Mumbai,0
DEM300099,12591.23,7,23,41,31,2470.15,126.91,Online,Mumbai,1
DEM300100,8377.08,5,10,53,26,2693.1,92.67,Retail,Mumbai,1
DEM300101,10380.54,23,5,46,30,971.41,112.74,Online,Coimbatore,1
DEM300102,14573.89,6,23,46,34,2558.26,32.1,Travel,Bangalore,1
DEM300103,1346.85,17,15,40,46,1538.73,107.47,Online,Mumbai,0
DEM300104,13528.24,21,18,44,69,1039.32,34.14,Retail,Chennai,0
DEM300105,1978.93,21,8,48,5,2960.73,148.1,Travel,Coimbatore,0
DEM300106,5955.09,19,21,60,61,2526.96,83.98,Online,Coimbatore,1
DEM300107,12786.44,6,2,24,38,2984.48,104.35,Retail,Bangalore,1
DEM300108,13603.19,2,22,62,28,754.12,17.76,Retail,Bangalore,1
DEM300109,7644.94,4,8,21,26,688.38,37.6,Food,Bangalore,1
DEM300110,8952.16,0,23,31,61,1659.12,20.96,Online,Coimbatore,1
DEM300111,10651.4,14,8,59,23,2024.34,58.53,Travel,Mumbai,0
DEM300112,12508.1,2,4,59,46,761.86,42.62,Food,Chennai,1
DEM300113,1910.52,7,19,27,30,2623.16,109.94,Online,Mumbai,1
DEM300114,12170.03,8,23,61,67,1736.44,16.31,Online,Chennai,1
DEM300115,7271.01,14,18,51,33,1409.54,112.81,Travel,Mumbai,1
DEM300116,6814.29,9,21,43,3,1925.54,6.86,Food,Bangalore,0
DEM300117,6416.11,1,23,40,69,2014.38,30.3,Food,Chennai,1
DEM300118,7687.25,19,1,26,42,415.51,118.79,Travel,Coimbatore,1
DEM300119,14181.25,4,20,54,62,2999.71,111.42,Food,Chennai,1
DEM300120,8268.24,18,15,25,58,1282.58,71.45,Retail,Coimbatore,0
DEM300121,14302.35,12,18,31,57,466.17,7.5,Travel,Mumbai,0
DEM300122,2786.32,10,22,24,1,2601.27,91.48,Online,Bangalore,1
DEM300123,10889.63,0,12,24,73,2981.15,61.01,Travel,Chennai,1
DEM300124,12202.37,21,1,26,60,2504.17,47.48,Retail,Coimbatore,0
DEM300125,10219.02,14,7,20,69,2600.08,96.06,Travel,Mumbai,1
DEM300126,9143.14,17,19,31,59,1990.02,65.49,Online,Bangalore,1
DEM300127,8515.71,15,1,34,46,2790.28,13.86,Online,Bangalore,0
DEM300128,12927.86,8,24,61,34,396.49,137.39,Travel,Bangalore,1
DEM300129,12342.53,0,7,39,25,2370.15,116.77,Travel,Mumbai,1
DEM300130,1922.1,10,2,63,42,2110.92,8.46,Retail,Mumbai,0
DEM300131,12743.96,8,7,43,29,433.88,78.76,Retail,Mumbai,0
DEM300132,6269.62,22,19,45,25,1768.73,12.51,Online,Bangalore,0
DEM300133,3880.08,10,13,62,54,1690.66,125.59,Food,Chennai,0
DEM300134,13059.55,12,24,31,73,2167.14,91.95,Food,Coimbatore,1
DEM300135,6537.17,1,5,26,67,509.33,25.87,Food,Mumbai,0
DEM300136,12144.63,13,23,43,15,2474.25,3.11,Food,Chennai,1
DEM300137,4024.71,5,19,19,4,676.39,4.74,Online,Coimbatore,0
DEM300138,158.55,7,1,28,38,1430.39,76.1,Food,Bangalore,0
DEM300139,7482.34,17,1,34,20,2679.48,110.16,Food,Chennai,1
DEM300140,1593.4,15,18,51,23,1813.44,18.13,Travel,Bangalore,0
DEM300141,11340.2,20,24,36,37,1324.9,33.19,Food,Coimbatore,1
DEM300142,4213.52,11,1,56,62,430.15,49.09,Travel,Mumbai,0
DEM300143,6710.32,10,5,35,8,2115.14,32.71,Online,Bangalore,0
DEM300144,1396.8,5,9,30,37,2963.68,58.7,Travel,Chennai,0
DEM300145,4371.22,2,12,22,45,2761.85,83.94,Retail,Mumbai,1
DEM300146,11744.2,13,9,40,33,2236.7,102.74,Travel,Chennai,1
DEM300147,2358.66,1,18,41,7,584.29,144.57,Food,Coimbatore,1
DEM300148,9742.68,10,23,46,22,946.49,139.63,Travel,Coimbatore,1
DEM300149,13769.65,21,11,64,5,804.49,85.52,Travel,Mumbai,1
DEM300150,10229.57,2,1,25,15,1259.75,110.12,Online,Chennai,1
DEM300151,12184.22,17,19,43,21,935.9,142.63,Online,Chennai,1
DEM300152,1723.68,0,22,32,17,959.99,12.52,Food,Chennai,1
DEM300153,3835.9,23,10,18,56,1965.17,0.85,Retail,Chennai,0
DEM300154,13428.63,0,2,45,50,1160.5,4.47,Retail,Coimbatore,1
DEM300155,10755.07,11,7,64,7,2128.34,84.5,Travel,Chennai,1
DEM300156,9629.35,14,20,63,50,2859.3,114.43,Retail,Coimbatore,1
DEM300157,9990.12,4,2,31,60,2023.89,55.06,Online,Chennai,1
DEM300158,6271.59,5,19,59,7,2329.47,81.79,Food,Chennai,1
DEM300159,763.89,15,6,51,40,2329.27,77.45,Food,Bangalore,0
DEM300160,11788.18,11,10,48,45,1192.9,14.22,Online,Bangalore,0
DEM300161,10212.83,11,9,23,59,340.39,48.24,Food,Chennai,0
DEM300162,7144.79,2,8,22,75,448.63,2.92,Travel,Coimbatore,1
DEM300163,13506.42,22,11,48,55,1061.56,16.61,Food,Chennai,0
DEM300164,5108.78,1,9,54,64,2161.77,121.78,Retail,Bangalore,1
DEM300165,4485.39,6,20,32,65,2748.04,124.41,Food,Chennai,1
DEM300166,13104.67,1,20,32,54,2888.76,120.29,Food,Bangalore,1
DEM300167,11975.12,20,9,60,40,369.79,109.02,Online,Chennai,1
DEM300168,7773.2,6,8,22,53,2973.24,119.0,Online,Mumbai,1
DEM300169,2047.95,10,15,45,44,1170.74,100.65,Retail,Chennai,0
DEM300170,3304.56,10,2,50,63,2575.98,100.48,Online,Coimbatore,0
DEM300171,9877.8,13,24,28,2,786.8,100.1,Retail,Bangalore,1
DEM300172,5837.11,2,1,60,79,469.83,77.11,Travel,Mumbai,0
DEM300173,12563.45,13,9,23,21,1321.56,54.5,Retail,Bangalore,0
DEM300174,14254.33,10,9,40,50,2619.1,109.53,Food,Bangalore,1
DEM300175,12103.99,3,13,57,52,896.23,44.8,Retail,Coimbatore,1
DEM300176,5725.43,16,8,19,9,715.68,81.44,Travel,Chennai,0
DEM300177,11851.43,15,21,32,20,2756.47,65.0,Food,Coimbatore,1
DEM300178,5336.48,2,5,40,18,2833.51,41.49,Retail,Chennai,0
DEM300179,2589.79,9,3,39,30,333.88,146.2,Online,Mumbai,0
DEM300180,597.56,20,21,26,65,2264.08,38.81,Online,Coimbatore,0
DEM300181,5847.18,14,4,64,24,1134.86,46.39,Online,Coimbatore,0
DEM300182,13563.03,7,17,57,47,1311.7,24.24,Retail,Bangalore,0
DEM300183,3660.9,17,16,47,44,1566.58,123.45,Retail,Coimbatore,0
DEM300184,3177.05,2,16,33,29,1452.34,87.99,Travel,Chennai,1
DEM300185,14550.33,6,20,63,77,1690.43,91.96,Food,Coimbatore,1
DEM300186,472.56,9,3,64,68,1872.38,123.08,Food,Coimbatore,0
DEM300187,11808.15,19,6,47,17,1557.11,51.44,Food,Mumbai,0
DEM300188,4888.41,8,1,62,5,2194.22,29.05,Food,Chennai,0
DEM300189,658.57,13,21,26,50,2240.22,29.76,Retail,Bangalore,0
DEM300190,13775.26,22,16,18,40,1488.97,109.89,Retail,Chennai,1
DEM300191,2180.67,13,15,55,46,684.65,92.12,Travel,Mumbai,0
DEM300192,8321.51,10,7,25,51,2029.73,30.95,Food,Chennai,0
DEM300193,4183.41,0,2,35,11,2386.98,21.76,Retail,Chennai,0
DEM300194,1071.37,3,10,44,12,2022.9,18.1,Retail,Coimbatore,0
DEM300195,843.85,5,15,35,13,1887.75,94.17,Retail,Coimbatore,0
DEM300196,1821.79,21,6,49,64,919.41,0.02,Retail,Chennai,0
DEM300197,1163.37,21,2,49,8,2041.87,2.75,Food,Chennai,0
DEM300198,11432.32,4,24,62,65,1204.11,58.43,Food,Bangalore,1
DEM300199,7334.94,2,24,53,9,2782.81,103.7,Retail,Mumbai,1
DEM300200,5209.09,1,17,53,2,2065.04,104.26,Online,Coimbatore,1
DEM300201,6333.7,2,1,38,78,1051.09,64.52,Travel,Coimbatore,0
DEM300202,13941.31,8,1,63,13,1576.9,103.66,Food,Coimbatore,1
DEM300203,13670.2,18,4,49,2,2585.77,78.16,Food,Coimbatore,0
DEM300204,10763.58,18,20,48,68,1205.75,146.54,Online,Chennai,1
DEM300205,13281.77,16,16,54,76,1718.69,24.37,Food,Chennai,0
DEM300206,4862.76,17,8,33,48,2135.11,90.1,Online,Bangalore,0
DEM300207,5778.53,10,1,63,74,2337.23,73.69,Online,Coimbatore,0
DEM300208,9244.31,11,19,63,3,769.51,29.17,Retail,Coimbatore,1
DEM300209,9392.03,2,11,31,68,1825.91,112.5,Food,Chennai,1
DEM300210,7277.33,17,17,41,6,2762.94,41.33,Travel,Bangalore,0
DEM300211,6069.8,23,10,42,5,2914.57,57.26,Online,Chennai,0
DEM300212,14794.09,5,12,63,3,2071.59,56.22,Travel,Coimbatore,0
DEM300213,12334.74,6,9,52,10,2955.88,36.63,Retail,Coimbatore,0
DEM300214,6581.2,0,7,34,43,1840.99,64.61,Food,Mumbai,0
DEM300215,10936.66,5,12,63,19,1495.03,71.0,Retail,Mumbai,0
DEM300216,4116.47,17,15,59,14,1789.29,111.63,Retail,Mumbai,0
DEM300217,1592.52,12,8,62,21,612.42,114.76,Travel,Bangalore,0
DEM300218,5351.22,21,17,21,43,1384.63,23.78,Travel,Chennai,0
DEM300219,6104.29,18,5,28,28,1537.69,88.92,Online,Coimbatore,0
DEM300220,346.4,6,14,64,21,2591.3,134.43,Food,Coimbatore,0
DEM300221,12240.4,18,2,32,36,2348.35,16.32,Retail,Bangalore,0
DEM300222,5451.98,8,16,47,24,1923.85,70.94,Online,Coimbatore,0
DEM300223,8748.23,2,17,41,54,1237.65,112.55,Online,Coimbatore,1
DEM300224,1202.05,22,3,19,38,804.99,91.72,Retail,Chennai,0
DEM300225,2707.45,11,23,60,17,1238.97,15.09,Retail,Mumbai,0
DEM300226,13356.44,19,1,51,22,2135.47,59.49,Online,Mumbai,0
DEM300227,9169.44,23,18,40,45,1010.2,76.09,Retail,Bangalore,1
DEM300228,14259.23,17,18,48,74,1452.59,149.38,Retail,Mumbai,1
DEM300229,14981.38,7,4,54,61,1344.28,26.79,Travel,Mumbai,0
DEM300230,5640.72,8,15,30,11,2367.09,147.36,Food,Bangalore,0
DEM300231,4552.17,12,19,50,61,2686.23,56.42,Online,Bangalore,0
DEM300232,12889.51,7,19,24,38,2188.3,30.05,Retail,Mumbai,1
DEM300233,14979.31,21,10,49,66,1222.33,62.12,Online,Chennai,0
DEM300234,9481.65,9,5,24,33,1469.58,92.1,Food,Bangalore,1
DEM300235,11947.6,16,19,59,43,687.05,32.02,Online,Coimbatore,1
DEM300236,11748.01,6,11,55,31,753.86,43.72,Online,Bangalore,0
DEM300237,5394.56,16,7,61,35,743.59,128.18,Online,Coimbatore,0
DEM300238,8656.63,22,5,30,37,652.58,149.85,Travel,Bangalore,1
DEM300239,12512.55,17,20,41,47,784.87,47.73,Food,Bangalore,1
DEM300240,10352.9,23,12,45,23,847.26,22.33,Food,Mumbai,1
DEM300241,415.34,1,19,49,36,601.98,118.98,Online,Mumbai,1
DEM300242,5116.91,2,15,60,40,2028.7,90.07,Online,Mumbai,1
DEM300243,2252.69,18,12,35,15,2974.08,15.06,Food,Chennai,0
DEM300244,3571.29,0,4,51,37,2673.8,142.02,Retail,Mumbai,1
DEM300245,13591.79,20,12,51,4,423.13,11.71,Travel,Mumbai,0
DEM300246,649.71,20,18,55,22,1442.26,93.8,Food,Bangalore,0
DEM300247,3375.03,9,17,18,22,2620.14,63.59,Online,Bangalore,0
DEM300248,4712.58,20,19,60,78,663.62,83.49,Retail,Chennai,1
DEM300249,9291.57,13,16,59,78,2588.64,31.98,Retail,Coimbatore,0
DEM300250,8058.12,12,11,48,17,1900.29,103.22,Retail,Bangalore,1
DEM300251,3352.22,8,2,18,72,2814.51,143.96,Travel,Bangalore,0
DEM300252,2547.19,5,16,33,38,2665.31,68.76,Travel,Coimbatore,0
DEM300253,3628.29,5,1,56,24,2127.99,78.44,Food,Chennai,0
DEM300254,7587.69,18,17,32,6,2076.12,35.97,Food,Bangalore,0
DEM300255,4140.55,20,18,50,68,875.54,133.78,Food,Mumbai,0
DEM300256,14219.28,9,13,40,6,615.23,145.68,Food,Chennai,1
DEM300257,7011.59,22,5,58,26,1421.56,117.94,Online,Coimbatore,1
DEM300258,976.06,2,24,51,41,803.77,81.42,Travel,Coimbatore,1
DEM300259,10966.07,17,6,34,75,576.53,143.52,Retail,Mumbai,1
DEM300260,4999.79,20,1,42,38,1116.28,23.08,Online,Mumbai,0
DEM300261,9836.99,18,10,59,43,2623.32,71.77,Food,Mumbai,0
DEM300262,4265.96,4,5,23,53,346.3,80.64,Food,Chennai,1
DEM300263,8604.08,10,1,48,15,1090.12,73.79,Online,Coimbatore,0
DEM300264,11605.07,9,23,22,56,1444.94,120.36,Retail,Mumbai,1
DEM300265,13927.33,16,11,57,56,1678.54,100.56,Travel,Mumbai,1
DEM300266,3990.79,3,24,57,31,790.26,19.0,Travel,Coimbatore,1
DEM300267,5089.37,20,24,47,57,2903.39,51.97,Retail,Bangalore,0
DEM300268,7017.57,17,7,22,51,1862.96,50.86,Travel,Chennai,0
DEM300269,13914.91,17,18,29,24,1709.7,84.84,Food,Bangalore,1
DEM300270,13530.66,0,21,24,58,323.82,43.72,Food,Mumbai,1
DEM300271,1439.19,13,20,62,73,1611.43,17.59,Food,Chennai,0
DEM300272,2065.75,7,21,30,4,2561.71,98.05,Food,Bangalore,1
DEM300273,7483.09,1,10,21,10,893.04,127.66,Retail,Coimbatore,1
DEM300274,1688.63,18,15,59,63,1248.26,139.74,Travel,Mumbai,0
DEM300275,5249.16,14,4,20,73,355.54,145.89,Travel,Chennai,0
DEM300276,2310.94,1,16,29,15,2937.7,117.17,Online,Chennai,1
DEM300277,9577.0,3,15,18,63,479.96,20.96,Retail,Chennai,1
DEM300278,14247.48,0,15,44,19,2725.2,127.97,Travel,Chennai,1
DEM300279,14951.33,18,12,60,63,1145.07,59.99,Travel,Mumbai,0
DEM300280,5691.09,20,8,30,56,1886.4,109.49,Online,Mumbai,0
DEM300281,9025.29,9,8,34,21,2134.15,79.69,Food,Coimbatore,0
DEM300282,12858.39,0,18,25,34,680.24,124.29,Travel,Coimbatore,1
DEM300283,1850.18,19,6,49,17,1498.15,63.83,Food,Coimbatore,0
DEM300284,10374.51,21,5,37,18,1178.76,9.27,Online,Bangalore,0
DEM300285,6191.77,14,2,34,66,452.83,83.52,Travel,Coimbatore,0
DEM300286,3171.58,3,12,51,51,2549.62,25.69,Food,Mumbai,0
DEM300287,6101.03,6,4,52,65,421.95,144.83,Retail,Bangalore,0
DEM300288,1231.81,6,23,52,43,2063.8,79.04,Food,Mumbai,0
DEM300289,10461.57,21,13,55,57,1148.01,83.03,Food,Bangalore,1
DEM300290,3865.87,17,17,59,10,818.75,136.09,Food,Coimbatore,0
DEM300291,4739.94,12,16,41,37,2101.13,93.69,Food,Coimbatore,0
DEM300292,1904.11,9,9,35,48,1851.25,45.41,Retail,Coimbatore,0
DEM300293,12983.42,23,1,63,69,1151.19,44.41,Online,Bangalore,1
DEM300294,7452.32,7,15,56,56,1684.99,75.24,Food,Mumbai,0
DEM300295,8624.99,9,12,50,76,964.84,129.99,Food,Chennai,1
DEM300296,8584.55,13,5,40,36,2631.98,119.21,Travel,Mumbai,1
DEM300297,6216.35,13,23,42,31,1147.31,144.41,Travel,Coimbatore,1
DEM300298,2968.7,19,24,54,55,961.91,10.78,Retail,Bangalore,0
DEM300299,11202.48,21,18,44,38,2329.95,40.25,Retail,Bangalore,0
DEM300300,1993.14,10,20,18,73,347.5,12.03,Retail,Coimbatore,0
DEM300301,1647.72,5,2,38,15,1023.63,112.66,Travel,Bangalore,0
DEM300302,10681.16,20,4,27,16,1313.57,21.13,Food,Coimbatore,0
DEM300303,3211.67,0,15,48,77,2682.04,14.98,Travel,Mumbai,0
DEM300304,4670.91,18,6,61,53,2866.19,84.25,Online,Bangalore,0
DEM300305,7180.89,6,22,42,56,2234.49,61.72,Retail,Chennai,1
DEM300306,6795.33,23,12,37,7,1629.84,107.27,Retail,Bangalore,1
DEM300307,10657.83,17,18,19,57,2029.68,73.05,Retail,Coimbatore,0
DEM300308,9389.13,2,20,32,55,1417.8,63.8,Online,Chennai,1
DEM300309,9701.5,19,4,45,52,1106.83,63.83,Food,Coimbatore,0
DEM300310,10739.41,10,1,30,4,2866.86,130.78,Food,Bangalore,1
DEM300311,4459.93,4,15,31,43,611.55,59.28,Food,Chennai,0
DEM300312,4902.77,18,18,19,40,1235.26,50.01,Retail,Chennai,0
DEM300313,6626.17,20,14,51,30,2727.54,50.78,Food,Bangalore,0
DEM300314,4681.19,23,3,52,10,2252.48,29.49,Travel,Chennai,0
DEM300315,14775.57,23,15,54,7,378.57,129.1,Retail,Mumbai,1
DEM300316,12229.37,1,5,42,36,362.37,21.99,Online,Chennai,1
DEM300317,2553.35,21,24,32,35,1694.58,136.29,Online,Chennai,1
DEM300318,183.35,3,22,29,39,1607.48,42.52,Food,Mumbai,1
DEM300319,737.47,9,3,26,36,1496.08,134.91,Retail,Coimbatore,0
DEM300320,3736.55,1,22,48,20,1116.33,118.62,Travel,Coimbatore,1
DEM300321,1802.94,7,7,31,49,2963.92,87.3,Travel,Mumbai,0
DEM300322,8046.74,0,6,46,59,1034.37,100.42,Retail,Chennai,1
DEM300323,12884.13,5,22,60,49,1623.11,48.88,Food,Bangalore,1
DEM300324,11077.58,10,1,55,26,1393.21,86.13,Online,Mumbai,1
DEM300325,3312.58,9,19,59,36,759.67,43.86,Online,Bangalore,0
DEM300326,6049.56,12,7,25,43,847.07,60.34,Travel,Coimbatore,0
DEM300327,7667.62,0,4,20,43,2779.42,114.7,Travel,Mumbai,1
DEM300328,12172.07,1,12,19,76,2617.36,36.59,Travel,Bangalore,1
DEM300329,12602.91,2,20,33,33,837.42,125.83,Online,Chennai,1
DEM300330,13654.8,8,23,36,78,2664.29,56.38,Travel,Mumbai,1
DEM300331,7687.75,4,18,47,45,864.8,79.83,Online,Bangalore,1
DEM300332,10444.69,9,9,58,45,1991.68,141.29,Online,Mumbai,1
DEM300333,1765.83,9,19,33,15,519.46,102.19,Food,Mumbai,1
DEM300334,8522.81,11,22,48,17,2677.0,96.84,Food,Coimbatore,1
DEM300335,3805.51,17,4,45,12,439.05,106.74,Food,Coimbatore,0
DEM300336,6532.58,20,1,21,22,1798.35,137.72,Travel,Chennai,0
DEM300337,9547.35,20,9,27,23,2405.22,37.28,Online,Coimbatore,0
DEM300338,3929.09,0,15,62,78,615.45,91.99,Travel,Coimbatore,1
DEM300339,877.56,2,22,35,12,1392.1,60.06,Online,Coimbatore,1
DEM300340,252.48,4,8,64,68,413.27,1.78,Food,Bangalore,0
DEM300341,430.18,16,15,49,51,2143.43,18.8,Food,Mumbai,0
DEM300342,224.41,7,15,47,13,1130.11,48.75,Travel,Coimbatore,0
DEM300343,1744.29,16,18,53,57,1810.37,84.75,Online,Bangalore,0
DEM300344,3668.38,8,7,26,55,2818.38,132.22,Travel,Mumbai,0
DEM300345,3396.2,5,22,53,28,1125.82,118.67,Retail,Coimbatore,1
DEM300346,14803.27,16,18,46,44,431.29,83.0,Travel,Coimbatore,1
DEM300347,4659.49,7,16,33,19,2124.19,11.08,Food,Mumbai,0
DEM300348,1998.57,20,2,45,46,2424.47,42.89,Online,Bangalore,0
DEM300349,8228.88,6,4,38,3,2886.25,55.01,Online,Bangalore,0
DEM300350,12883.57,6,20,64,20,726.06,93.26,Travel,Chennai,1
DEM300351,10203.1,14,16,19,25,1358.78,9.74,Food,Mumbai,0
DEM300352,4511.62,6,3,63,75,2579.18,79.53,Retail,Chennai,0
DEM300353,8468.08,21,24,52,56,2478.55,135.22,Travel,Bangalore,1
DEM300354,10751.35,7,23,45,61,1986.95,105.81,Online,Coimbatore,1
DEM300355,10948.76,8,2,53,55,1027.3,119.56,Food,Chennai,1
DEM300356,10031.42,14,3,48,35,1066.9,102.25,Online,Bangalore,1
DEM300357,13075.08,1,5,50,78,634.81,30.99,Online,Bangalore,1
DEM300358,13064.57,6,2,40,59,2789.0,16.57,Online,Coimbatore,0
DEM300359,8726.15,14,19,58,39,766.92,124.42,Online,Mumbai,1
DEM300360,6504.86,17,24,34,57,1846.79,104.33,Retail,Bangalore,1
DEM300361,9659.4,21,20,63,67,1877.75,86.26,Food,Chennai,1
DEM300362,12291.36,17,2,18,34,1297.93,28.39,Travel,Coimbatore,0
DEM300363,184.22,9,2,59,41,1251.8,90.5,Food,Mumbai,0
DEM300364,14880.76,21,22,40,22,2105.19,4.7,Food,Mumbai,1
DEM300365,2825.12,17,24,44,27,1348.4,17.83,Food,Mumbai,0
DEM300366,7106.71,0,23,42,21,988.81,46.78,Travel,Bangalore,1
DEM300367,13093.24,6,20,49,41,1377.66,66.56,Food,Mumbai,1
DEM300368,3453.1,2,18,36,31,2480.69,18.08,Travel,Bangalore,0
DEM300369,7204.25,13,20,41,27,2909.49,17.99,Travel,Coimbatore,1
DEM300370,2075.47,11,21,20,37,2017.07,108.88,Retail,Coimbatore,1
DEM300371,5986.64,13,14,29,66,2411.67,85.46,Online,Mumbai,0
DEM300372,2739.32,3,15,52,54,1738.63,80.06,Travel,Coimbatore,1
DEM300373,5518.05,12,12,32,9,1987.02,67.87,Online,Chennai,0
DEM300374,5664.62,15,11,34,42,2967.83,146.48,Food,Chennai,0
DEM300375,14898.24,15,11,49,36,1483.73,7.47,Online,Bangalore,0
DEM300376,14922.71,21,7,24,10,478.89,27.09,Online,Mumbai,0
DEM300377,1810.32,4,12,36,59,2883.92,97.13,Online,Bangalore,1
DEM300378,10916.93,19,16,24,40,2441.27,20.45,Food,Coimbatore,0
DEM300379,871.01,5,5,22,54,1375.44,88.41,Food,Mumbai,0
DEM300380,549.86,5,2,57,39,2952.47,85.16,Travel,Bangalore,0
DEM300381,1669.48,17,22,38,7,1232.95,145.65,Travel,Mumbai,1
DEM300382,14485.74,5,16,64,4,1304.72,132.51,Retail,Mumbai,1
DEM300383,14118.87,6,23,24,15,1946.27,141.83,Food,Bangalore,1
DEM300384,2989.52,23,15,54,76,1040.74,17.04,Retail,Mumbai,0
DEM300385,2508.92,23,11,40,48,2186.14,130.22,Food,Coimbatore,1
DEM300386,3683.97,15,6,28,6,712.7,19.36,Online,Chennai,0
DEM300387,7781.65,8,13,27,73,591.67,94.94,Retail,Chennai,1
DEM300388,8588.6,12,19,38,35,1744.17,108.01,Retail,Mumbai,1
DEM300389,3401.74,11,10,58,72,1799.83,24.13,Retail,Chennai,0
DEM300390,11373.68,18,24,50,71,587.97,94.9,Food,Mumbai,1
DEM300391,4712.34,22,19,37,68,2903.28,7.87,Travel,Bangalore,0
DEM300392,13839.76,22,5,50,58,1847.87,43.99,Retail,Coimbatore,0
DEM300393,9885.17,0,21,57,77,707.79,138.17,Travel,Chennai,1
DEM300394,6601.63,7,7,52,19,1140.89,25.76,Food,Bangalore,0
DEM300395,11869.69,3,11,51,62,2460.63,9.79,Retail,Coimbatore,1
DEM300396,12286.93,20,14,53,71,1712.73,66.55,Food,Chennai,0
DEM300397,4428.18,21,23,44,10,808.0,127.59,Travel,Chennai,1
DEM300398,5161.75,18,21,36,25,577.69,11.5,Travel,Coimbatore,0
DEM300399,14045.73,20,16,60,44,1463.09,53.33,Retail,Bangalore,0
DEM300400,2554.64,4,18,22,58,1211.02,134.97,Travel,Bangalore,1
DEM300401,728.04,16,21,46,25,2070.98,17.72,Online,Chennai,0
DEM300402,6865.42,2,23,27,76,2798.17,46.6,Online,Coimbatore,1
DEM300403,12038.03,18,23,57,40,968.87,116.76,Retail,Bangalore,1
DEM300404,11597.85,0,4,30,76,2609.13,81.48,Food,Coimbatore,1
DEM300405,13801.01,22,1,46,70,2785.25,124.85,Food,Coimbatore,1
DEM300406,8044.69,0,22,22,10,2735.41,16.74,Food,Chennai,1
DEM300407,1590.96,22,15,29,66,2870.61,138.08,Online,Coimbatore,0
DEM300408,8871.47,19,14,30,25,2573.69,140.24,Travel,Coimbatore,1
DEM300409,11698.09,8,19,39,71,1902.41,23.3,Online,Mumbai,1
DEM300410,1490.59,22,5,57,11,1406.58,5.08,Travel,Coimbatore,0
DEM300411,2672.6,4,4,32,36,1627.56,148.48,Online,Bangalore,1
DEM300412,283.13,6,13,30,49,2656.05,72.34,Food,Chennai,0
DEM300413,8945.42,5,18,18,48,1113.78,85.81,Food,Chennai,1
DEM300414,13312.34,16,12,55,7,730.01,92.39,Food,Coimbatore,1
DEM300415,10092.88,21,23,60,77,680.21,118.45,Retail,Coimbatore,1
DEM300416,14732.4,16,21,62,51,2532.89,121.8,Retail,Bangalore,1
DEM300417,1039.2,12,15,18,17,2356.01,29.09,Travel,Mumbai,0
DEM300418,13554.72,11,23,28,32,1643.64,35.5,Retail,Chennai,1
DEM300419,12229.62,3,9,60,26,1042.15,131.52,Online,Mumbai,1
DEM300420,4782.2,7,4,57,22,2129.56,122.93,Online,Bangalore,0
DEM300421,14605.55,4,5,39,13,403.77,92.64,Travel,Chennai,1
DEM300422,4390.27,4,9,52,12,1834.22,149.2,Travel,Bangalore,1
DEM300423,13350.64,12,13,61,71,1375.75,110.28,Food,Coimbatore,1
DEM300424,13223.15,10,10,23,1,2940.22,32.38,Retail,Bangalore,0
DEM300425,11389.1,7,16,45,33,1670.41,127.0,Food,Coimbatore,1
DEM300426,8495.71,7,13,48,14,1791.12,62.21,Retail,Mumbai,0
DEM300427,1888.04,0,4,25,64,2223.38,5.42,Retail,Chennai,0
DEM300428,8026.38,12,21,22,43,1608.25,48.21,Travel,Chennai,1
DEM300429,5416.26,4,13,59,58,906.34,114.53,Food,Mumbai,1
DEM300430,11904.03,20,21,61,41,1750.65,144.03,Food,Coimbatore,1
DEM300431,11396.13,7,8,34,68,2849.53,41.42,Retail,Chennai,0
DEM300432,13668.13,16,13,55,39,1406.76,36.98,Retail,Bangalore,0
DEM300433,320.97,22,15,26,1,2135.03,84.54,Travel,Coimbatore,0
DEM300434,12155.64,22,20,27,41,2940.69,121.75,Online,Chennai,1
DEM300435,14083.08,12,20,37,45,2540.79,111.98,Food,Bangalore,1
DEM300436,11860.58,8,13,31,79,2079.39,83.99,Food,Bangalore,1
DEM300437,2039.9,1,23,31,13,2287.19,94.71,Travel,Chennai,1
DEM300438,1311.06,18,5,43,71,2828.5,36.31,Travel,Mumbai,0
DEM300439,410.59,19,22,46,9,2891.33,64.89,Food,Mumbai,0
DEM300440,9468.3,16,22,44,63,2916.21,38.3,Food,Chennai,1
DEM300441,9482.12,6,6,42,23,1989.23,132.66,Retail,Bangalore,1
DEM300442,14805.01,2,5,33,54,1338.72,16.88,Online,Mumbai,1
DEM300443,6030.84,18,13,53,47,659.51,101.96,Food,Mumbai,0
DEM300444,5045.4,18,5,51,39,1340.98,39.04,Travel,Mumbai,0
DEM300445,9403.93,23,13,33,26,2845.98,71.34,Retail,Coimbatore,1
DEM300446,12401.57,8,24,50,1,2702.45,44.91,Retail,Mumbai,1
DEM300447,14057.93,9,20,20,14,1713.88,48.49,Travel,Chennai,1
DEM300448,12066.55,13,23,40,74,1749.92,39.06,Travel,Chennai,1
DEM300449,6457.44,17,8,28,65,1134.08,112.92,Retail,Coimbatore,0
DEM300450,9560.22,14,9,35,69,1527.17,54.86,Travel,Coimbatore,0
DEM300451,12858.86,0,21,64,67,2229.01,108.95,Retail,Chennai,1
DEM300452,7410.08,5,19,58,49,1386.56,68.41,Travel,Coimbatore,1
DEM300453,3328.63,14,20,61,50,807.56,82.09,Retail,Mumbai,1
DEM300454,2628.88,5,15,46,58,1760.32,81.49,Food,Bangalore,0
DEM300455,102.35,17,22,22,53,908.41,146.38,Food,Bangalore,1
DEM300456,10801.75,0,10,41,57,2930.58,55.06,Travel,Bangalore,1
DEM300457,1755.35,23,11,46,18,1353.92,31.15,Online,Chennai,0
DEM300458,3733.2,2,5,46,16,2756.1,136.77,Food,Coimbatore,1
DEM300459,4538.36,16,9,43,2,909.0,26.23,Retail,Bangalore,0
DEM300460,8449.66,15,11,57,13,810.86,125.16,Online,Mumbai,1
DEM300461,6029.56,7,19,20,45,1965.63,22.53,Retail,Mumbai,0
DEM300462,10152.64,16,2,19,72,2404.32,98.81,Retail,Mumbai,1
DEM300463,929.02,7,6,42,43,1830.26,22.58,Food,Coimbatore,0
DEM300464,1946.69,16,23,36,72,920.45,138.46,Travel,Bangalore,1
DEM300465,7538.25,8,21,57,54,402.31,84.75,Travel,Mumbai,1
DEM300466,5120.78,11,1,19,74,1969.38,49.39,Retail,Coimbatore,0
DEM300467,4507.62,18,3,36,31,653.8,21.05,Food,Mumbai,0
DEM300468,1098.72,3,3,18,76,1226.58,55.68,Retail,Bangalore,0
DEM300469,13446.22,20,14,44,9,2124.62,105.75,Online,Bangalore,1
DEM300470,10408.1,21,20,62,73,564.66,57.74,Retail,Bangalore,1
DEM300471,1912.11,10,22,52,48,643.58,36.91,Food,Bangalore,0
DEM300472,1069.18,3,5,58,18,466.5,86.61,Retail,Bangalore,1
DEM300473,14625.6,13,17,22,11,2989.41,62.67,Food,Mumbai,0
DEM300474,10249.47,13,15,55,62,1345.11,24.87,Travel,Bangalore,0
DEM300475,6320.1,5,6,21,19,2745.65,23.1,Food,Mumbai,0
DEM300476,10555.79,16,14,34,74,1092.68,106.12,Online,Bangalore,1
DEM300477,11369.34,1,14,38,24,2333.65,146.2,Food,Mumbai,1
DEM300478,11721.44,7,17,48,13,891.48,34.96,Online,Bangalore,0
DEM300479,7220.37,3,8,39,46,1645.48,115.97,Online,Mumbai,1
DEM300480,6505.25,9,8,28,53,2526.46,13.14,Retail,Bangalore,0
DEM300481,264.32,6,19,51,29,2504.1,57.24,Online,Coimbatore,0
DEM300482,13905.7,3,9,32,36,2444.56,76.0,Food,Mumbai,1
DEM300483,9089.29,15,11,27,71,2524.08,40.31,Travel,Coimbatore,0
DEM300484,3126.99,13,13,55,17,870.98,79.44,Food,Mumbai,0
DEM300485,13802.09,15,13,49,48,1601.98,132.39,Travel,Mumbai,1
DEM300486,13732.49,8,24,48,77,1609.15,141.67,Online,Mumbai,1
DEM300487,14838.84,3,19,54,24,2704.36,15.08,Retail,Chennai,1
DEM300488,13123.44,23,21,61,54,1101.61,40.78,Online,Bangalore,1
DEM300489,14966.99,5,19,45,1,2815.04,146.87,Online,Coimbatore,1
DEM300490,3745.82,0,5,48,79,1517.15,40.56,Travel,Coimbatore,0
DEM300491,12649.52,6,16,23,67,2108.42,103.91,Food,Mumbai,1
DEM300492,12363.12,0,9,31,6,1025.98,38.02,Retail,Coimbatore,1
DEM300493,3541.01,18,20,40,78,1407.8,53.45,Retail,Coimbatore,0
DEM300494,1566.72,7,22,33,55,2216.46,28.69,Retail,Coimbatore,0
DEM300495,14693.37,2,3,42,38,1684.42,128.45,Retail,Coimbatore,1
DEM300496,4510.77,0,19,56,33,2812.91,132.4,Food,Chennai,1
DEM300497,13076.29,0,5,19,8,2290.24,44.54,Retail,Mumbai,1
DEM300498,161.49,6,8,55,79,1823.89,123.54,Travel,Coimbatore,0
DEM300499,413.27,20,14,58,78,2694.01,53.74,Travel,Chennai,0
DEM300500,7041.48,12,24,56,20,2097.0,14.85,Retail,Chennai,1
